
SET session_replication_role = replica;

--
-- PostgreSQL database dump
--

-- Dumped from database version 15.1 (Ubuntu 15.1-1.pgdg20.04+1)
-- Dumped by pg_dump version 15.5 (Ubuntu 15.5-1.pgdg20.04+1)

SET statement_timeout = 0;
SET lock_timeout = 0;
SET idle_in_transaction_session_timeout = 0;
SET client_encoding = 'UTF8';
SET standard_conforming_strings = on;
SELECT pg_catalog.set_config('search_path', '', false);
SET check_function_bodies = false;
SET xmloption = content;
SET client_min_messages = warning;
SET row_security = off;

--
-- Data for Name: audit_log_entries; Type: TABLE DATA; Schema: auth; Owner: supabase_auth_admin
--



--
-- Data for Name: flow_state; Type: TABLE DATA; Schema: auth; Owner: supabase_auth_admin
--



--
-- Data for Name: users; Type: TABLE DATA; Schema: auth; Owner: supabase_auth_admin
--



--
-- Data for Name: identities; Type: TABLE DATA; Schema: auth; Owner: supabase_auth_admin
--



--
-- Data for Name: instances; Type: TABLE DATA; Schema: auth; Owner: supabase_auth_admin
--



--
-- Data for Name: sessions; Type: TABLE DATA; Schema: auth; Owner: supabase_auth_admin
--



--
-- Data for Name: mfa_amr_claims; Type: TABLE DATA; Schema: auth; Owner: supabase_auth_admin
--



--
-- Data for Name: mfa_factors; Type: TABLE DATA; Schema: auth; Owner: supabase_auth_admin
--



--
-- Data for Name: mfa_challenges; Type: TABLE DATA; Schema: auth; Owner: supabase_auth_admin
--



--
-- Data for Name: one_time_tokens; Type: TABLE DATA; Schema: auth; Owner: supabase_auth_admin
--



--
-- Data for Name: refresh_tokens; Type: TABLE DATA; Schema: auth; Owner: supabase_auth_admin
--



--
-- Data for Name: sso_providers; Type: TABLE DATA; Schema: auth; Owner: supabase_auth_admin
--



--
-- Data for Name: saml_providers; Type: TABLE DATA; Schema: auth; Owner: supabase_auth_admin
--



--
-- Data for Name: saml_relay_states; Type: TABLE DATA; Schema: auth; Owner: supabase_auth_admin
--



--
-- Data for Name: sso_domains; Type: TABLE DATA; Schema: auth; Owner: supabase_auth_admin
--



--
-- Data for Name: key; Type: TABLE DATA; Schema: pgsodium; Owner: supabase_admin
--



--
-- Data for Name: capacity_ledger; Type: TABLE DATA; Schema: public; Owner: postgres
--

INSERT INTO "public"."capacity_ledger" ("id", "created_at", "potion", "barrel", "quantity", "delivered") VALUES
	(4, '2024-05-08 08:18:20.256704+00', false, true, 1, true),
	(14, '2024-05-10 00:13:22.957767+00', true, false, 1, true);


--
-- Data for Name: customers; Type: TABLE DATA; Schema: public; Owner: postgres
--

INSERT INTO "public"."customers" ("id", "customer_name", "character_class", "level", "visit_time", "completed") VALUES
	(137, 'Champion Mevvoren', 'Fighter', 13, '2024-05-07 08:40:12.37986+00', true),
	(136, 'Duke Jocelyn Lionheart', 'Fighter', 20, '2024-05-07 08:39:45.478234+00', true),
	(138, 'Champion Isolde Cloudwalker', 'Fighter', 11, '2024-05-07 10:22:37.088686+00', true),
	(139, 'Qeshnok', 'Fighter', 3, '2024-05-07 22:05:55.686636+00', true),
	(140, 'Vanquisher Lachlan Starfall', 'Fighter', 9, '2024-05-07 22:05:55.849848+00', true),
	(141, 'Nerissa Whisperwind', 'Fighter', 2, '2024-05-08 00:38:48.736964+00', true),
	(143, 'Darius Frostbane', 'Fighter', 1, '2024-05-08 02:07:09.59279+00', true),
	(142, 'Theodora Amberdawn', 'Fighter', 2, '2024-05-08 02:07:09.587807+00', true),
	(146, 'Archmage Anselm Frostbane', 'Wizard', 19, '2024-05-08 04:38:43.036469+00', true),
	(145, 'Archmage Branwen Goldmane', 'Wizard', 18, '2024-05-08 04:38:42.895938+00', true),
	(144, 'Lord Hadrian Duskfield', 'Fighter', 11, '2024-05-08 04:38:42.895153+00', true),
	(150, 'Jocelyn Ravenwind', 'Fighter', 3, '2024-05-08 08:58:09.085178+00', true),
	(149, 'Evelina Glimmerstone', 'Fighter', 4, '2024-05-08 08:58:09.080782+00', true),
	(151, 'Spellcrafter Rogabem Glim', 'Wizard', 14, '2024-05-08 08:58:09.086103+00', true),
	(147, 'Druid Marcellus Firestone', 'Druid', 10, '2024-05-08 08:58:08.947493+00', true),
	(148, 'Rilemarael', 'Fighter', 2, '2024-05-08 08:58:09.079768+00', true),
	(152, 'Harmony Fenella Shadowvale', 'Druid', 11, '2024-05-08 10:24:20.173623+00', true),
	(153, 'Mage Corwin Hazelwood', 'Wizard', 11, '2024-05-08 21:06:55.268119+00', true),
	(154, 'Clementine Shadowvale', 'Fighter', 4, '2024-05-08 22:20:43.204734+00', true),
	(155, 'Druid Nevthirasan', 'Druid', 11, '2024-05-09 00:08:43.49974+00', true),
	(156, 'Arcanologist Orlando Thunderstrike', 'Wizard', 6, '2024-05-09 00:08:43.642331+00', true),
	(159, 'Lethisalwyn', 'Fighter', 1, '2024-05-09 02:20:59.07355+00', true),
	(157, 'Fidelia Firestone', 'Fighter', 3, '2024-05-09 02:20:39.261686+00', true),
	(158, 'Melvisrivael', 'Fighter', 2, '2024-05-09 02:20:39.391884+00', true),
	(160, 'Knight Branwen Hawthorne', 'Fighter', 5, '2024-05-09 04:29:09.722025+00', true),
	(161, 'Apprentice Elara Frostbane', 'Wizard', 6, '2024-05-09 04:29:19.992183+00', true),
	(162, 'Spellcrafter Rogabem Glim', 'Wizard', 14, '2024-05-09 06:21:23.506052+00', true),
	(164, 'Mage Corwin Hazelwood', 'Wizard', 11, '2024-05-09 06:21:24.99398+00', true),
	(163, 'Harmony Zephyrine Duskfield', 'Druid', 14, '2024-05-09 06:21:24.855425+00', true),
	(165, 'Lord Mumdep Zop', 'Fighter', 10, '2024-05-09 08:27:06.030576+00', true),
	(166, 'Champion Tamsin Whisperwind', 'Fighter', 11, '2024-05-09 08:27:07.449007+00', true),
	(167, 'Archdruid Smirbruk', 'Druid', 17, '2024-05-09 08:27:08.834614+00', true),
	(171, 'Champion Isolde Cloudwalker', 'Fighter', 11, '2024-05-09 10:21:26.594032+00', true),
	(169, 'Druid Lorelei Lionheart', 'Druid', 13, '2024-05-09 10:21:25.303478+00', true),
	(170, 'Stalker Jocelyn Starfall', 'Ranger', 13, '2024-05-09 10:21:26.578083+00', true),
	(168, 'Archmage Caspian Ironhart', 'Wizard', 17, '2024-05-09 10:21:25.131695+00', true),
	(172, 'Sentinel Upupug Quill', 'Ranger', 16, '2024-05-09 12:28:00.954867+00', true),
	(173, 'Spellcrafter Rogabem Glim', 'Wizard', 14, '2024-05-09 14:21:27.900827+00', true),
	(174, 'Stalker Rovonael', 'Ranger', 10, '2024-05-09 14:21:29.187259+00', true),
	(178, 'Darius Frostbane', 'Fighter', 1, '2024-05-09 16:26:21.342219+00', true),
	(176, 'Initiate Bcusojmok', 'Druid', 9, '2024-05-09 16:26:21.203083+00', true),
	(177, 'Master Tracker Dpetzag', 'Ranger', 15, '2024-05-09 16:26:21.340951+00', true),
	(175, 'Forest Guardian Emathothil', 'Ranger', 10, '2024-05-09 16:26:21.055083+00', true),
	(180, 'Arcanologist Corwin Frostbane', 'Wizard', 8, '2024-05-09 18:21:20.665618+00', true),
	(179, 'Hierophant Eldric Thunderstrike', 'Druid', 18, '2024-05-09 18:21:20.513449+00', true),
	(182, 'Druid Lafrobug Zop', 'Druid', 13, '2024-05-10 02:20:02.473438+00', true),
	(181, 'Transcendent Ivlevvilil', 'Monk', 15, '2024-05-10 02:20:02.461336+00', true),
	(183, 'Mage Aseman', 'Wizard', 11, '2024-05-10 04:27:41.943035+00', true),
	(184, 'Mage Corwin Hazelwood', 'Wizard', 11, '2024-05-10 04:27:41.961232+00', true),
	(185, 'Aspirant Maelis Nightsong', 'Druid', 6, '2024-05-10 04:28:01.531035+00', true),
	(186, 'Grandmaster Gideon Brightwater', 'Monk', 17, '2024-05-10 06:07:27.40492+00', true),
	(187, 'Mage Caspian Ravenwind', 'Wizard', 12, '2024-05-10 08:28:03.279243+00', true),
	(188, 'Holy Knight Nerissa Firestone', 'Paladin', 11, '2024-05-10 10:20:02.246502+00', true),
	(189, 'Valiant Darius Ironhart', 'Paladin', 8, '2024-05-10 12:26:03.019708+00', true),
	(191, 'Radiant Paladin Melisande Amberdawn', 'Paladin', 19, '2024-05-10 12:26:22.55438+00', true),
	(190, 'Valiant Lucian Cloudwalker', 'Paladin', 8, '2024-05-10 12:26:03.15684+00', true),
	(193, 'Druid Lorelei Lionheart', 'Druid', 13, '2024-05-10 14:19:43.291461+00', true),
	(192, 'Ophelia Nightsong', 'Wizard', 4, '2024-05-10 14:19:43.146433+00', true),
	(194, 'Initiate Arabelle Thunderstrike', 'Druid', 8, '2024-05-10 16:25:43.619858+00', true),
	(197, 'Sentinel Upupug Quill', 'Ranger', 16, '2024-05-10 20:32:04.041157+00', true),
	(195, 'Stalker Rosalind Duskfield', 'Ranger', 13, '2024-05-10 20:32:03.901084+00', true),
	(196, 'Forest Guardian Ignatius Stormrider', 'Ranger', 12, '2024-05-10 20:32:03.908465+00', true),
	(199, 'Tracker Nerissa Frostbane', 'Ranger', 8, '2024-05-10 22:20:07.418091+00', true),
	(198, 'Valiant Tamsin Thunderstrike', 'Paladin', 6, '2024-05-10 22:20:07.289047+00', true),
	(200, 'Conqueror Osmaror', 'Fighter', 15, '2024-05-10 22:20:23.70884+00', true),
	(201, 'Vanquisher Balthazar Amberdawn', 'Fighter', 7, '2024-05-11 00:27:25.79567+00', true),
	(202, 'Onthenesir', 'Fighter', 1, '2024-05-11 00:27:27.07162+00', true),
	(203, 'Valamnithir', 'Fighter', 2, '2024-05-11 02:20:24.682996+00', true),
	(205, 'Grandmaster Inometh', 'Monk', 15, '2024-05-11 02:20:25.994853+00', true),
	(204, 'Batilnet Squig', 'Fighter', 1, '2024-05-11 02:20:25.990985+00', true),
	(206, 'Evelina Glimmerstone', 'Fighter', 4, '2024-05-11 02:20:27.436882+00', true),
	(207, 'Zen Nerissa Hawthorne', 'Monk', 6, '2024-05-11 02:20:27.439297+00', true),
	(208, 'Crusader Emwivniwwyn', 'Paladin', 9, '2024-05-11 02:20:27.599984+00', true),
	(209, 'Eternal Hunter Zephyrine Duskfield', 'Ranger', 20, '2024-05-11 08:27:47.046502+00', true),
	(210, 'Druid Lafrobug Zop', 'Druid', 13, '2024-05-11 18:07:48.335264+00', true),
	(212, 'Lord Fidelia Quicksilver', 'Fighter', 11, '2024-05-12 06:08:07.167498+00', true),
	(211, 'Vanquisher Lachlan Starfall', 'Fighter', 9, '2024-05-12 06:08:07.040156+00', true),
	(213, 'Archdruid Thaddeus Frostbane', 'Druid', 18, '2024-05-12 06:08:26.656966+00', true),
	(216, 'Cedric Amberdawn', 'Fighter', 2, '2024-05-12 06:08:26.794956+00', true),
	(214, 'Cassian Roseblade', 'Fighter', 3, '2024-05-12 06:08:26.659302+00', true),
	(215, 'Aspirant Persephone Nightsong', 'Druid', 5, '2024-05-12 06:08:26.784192+00', true),
	(306, 'Quintus Phoenixflame', 'Fighter', 1, '2024-05-13 18:15:08.678583+00', true),
	(220, 'Aspirant Nerissa Lionheart', 'Druid', 9, '2024-05-12 10:27:27.687073+00', true),
	(219, 'Champion Isolde Cloudwalker', 'Fighter', 11, '2024-05-12 10:27:27.5496+00', true),
	(392, 'Jocelyn Ravenwind', 'Fighter', 3, '2024-05-16 12:18:33.865363+00', true),
	(221, 'Marcellus Lionheart', 'Fighter', 1, '2024-05-12 10:27:27.69015+00', true),
	(307, 'Radiant Sylvanus Frostbane', 'Paladin', 14, '2024-05-13 18:15:08.82283+00', true),
	(391, 'Mage Aseman', 'Wizard', 11, '2024-05-16 12:18:33.861508+00', true),
	(218, 'Aspirant Maelis Nightsong', 'Druid', 6, '2024-05-12 10:27:27.550081+00', true),
	(308, 'Aspirant Seraphina Shadowvale', 'Druid', 7, '2024-05-14 02:10:46.194991+00', true),
	(309, 'Druid Ambrose Winterbourne', 'Druid', 12, '2024-05-14 02:10:48.519105+00', true),
	(310, 'Archmage Caspian Ironhart', 'Wizard', 17, '2024-05-14 02:10:58.815921+00', true),
	(311, 'Holy Knight Imogen Brightwater', 'Paladin', 12, '2024-05-14 02:11:01.098603+00', true),
	(312, 'Arcanologist Zephyrine Brightwater', 'Wizard', 8, '2024-05-14 02:11:03.415251+00', true),
	(313, 'Aspirant Nerissa Lionheart', 'Druid', 9, '2024-05-14 02:11:05.668+00', true),
	(314, 'Archdruid Eldric Nightsong', 'Druid', 19, '2024-05-14 02:11:07.96155+00', true),
	(315, 'Hierophant Eldric Thunderstrike', 'Druid', 18, '2024-05-14 02:11:10.405376+00', true),
	(316, 'Harmony Helena Whisperwind', 'Druid', 14, '2024-05-14 02:11:12.698748+00', true),
	(393, 'Initiate Arabelle Thunderstrike', 'Druid', 8, '2024-05-16 12:18:33.889778+00', true),
	(222, 'Vanquisher Fidelia Duskfield', 'Fighter', 9, '2024-05-12 14:23:48.271521+00', true),
	(223, 'Gareth Thunderstrike', 'Fighter', 3, '2024-05-12 14:23:48.275431+00', true),
	(319, 'Holy Knight Jareth Stormrider', 'Paladin', 14, '2024-05-14 04:44:49.05772+00', true),
	(318, 'Mage Caspian Ravenwind', 'Wizard', 12, '2024-05-14 04:44:49.056258+00', true),
	(394, 'Harmony Helena Whisperwind', 'Druid', 14, '2024-05-16 12:18:34.004095+00', true),
	(224, 'Rosalind Whisperwind', 'Fighter', 3, '2024-05-12 14:23:48.423861+00', true),
	(320, 'Baron Evaronil', 'Fighter', 19, '2024-05-14 04:44:49.0505+00', true),
	(395, 'Knight Seraphina Ravenwind', 'Fighter', 6, '2024-05-16 14:28:32.509656+00', true),
	(225, 'Vanquisher Fhqnzag', 'Fighter', 8, '2024-05-12 18:25:42.024282+00', true),
	(227, 'Druid Lafrobug Zop', 'Druid', 13, '2024-05-12 18:25:45.75805+00', true),
	(229, 'Archmage Elara Roseblade', 'Wizard', 19, '2024-05-12 18:25:49.572321+00', true),
	(317, 'Knight Leander Starfall', 'Fighter', 9, '2024-05-14 04:44:49.050968+00', true),
	(396, 'Radiant Paladin Alistair Stormrider', 'Paladin', 16, '2024-05-17 00:15:12.033517+00', true),
	(226, 'Aldric Hazelwood', 'Fighter', 1, '2024-05-12 18:25:43.494865+00', true),
	(228, 'Arcanologist Isolde Frostbane', 'Wizard', 6, '2024-05-12 18:25:47.155827+00', true),
	(321, 'Knight Fidelia Hawthorne', 'Fighter', 6, '2024-05-14 04:44:49.190844+00', true),
	(397, 'Holy Knight Jareth Stormrider', 'Paladin', 14, '2024-05-17 04:33:12.744786+00', true),
	(230, 'Jocelyn Duskfield', 'Fighter', 1, '2024-05-12 22:20:34.801297+00', true),
	(328, 'Harmony Fenella Shadowvale', 'Druid', 11, '2024-05-14 06:16:25.885128+00', true),
	(322, 'Lord Rosalind Frostbane', 'Fighter', 10, '2024-05-14 06:16:25.735613+00', true),
	(398, 'Exemplar Vespera Duskfield', 'Paladin', 16, '2024-05-17 06:16:15.427206+00', true),
	(231, 'Stalker Errisiel', 'Ranger', 14, '2024-05-13 00:29:15.029883+00', true),
	(329, 'Aspirant Hadrian Ravenwind', 'Druid', 8, '2024-05-14 06:16:25.894487+00', true),
	(323, 'Spellcrafter Imogen Thunderstrike', 'Wizard', 10, '2024-05-14 06:16:25.747973+00', true),
	(399, 'Vanquisher Balthazar Amberdawn', 'Fighter', 7, '2024-05-18 00:16:37.396619+00', true),
	(232, 'Aspirant Branwen Frostbane', 'Druid', 5, '2024-05-13 00:29:16.369472+00', true),
	(324, 'Lord Fidelia Quicksilver', 'Fighter', 11, '2024-05-14 06:16:25.862635+00', true),
	(233, 'Holy Knight Yvdmruk', 'Paladin', 10, '2024-05-13 00:29:34.778924+00', true),
	(325, 'Vanquisher Fhqnzag', 'Fighter', 8, '2024-05-14 06:16:25.863674+00', true),
	(235, 'Lord Rosalind Frostbane', 'Fighter', 10, '2024-05-13 03:00:36.700581+00', true),
	(234, 'Leander Mistweaver', 'Fighter', 1, '2024-05-13 03:00:36.559083+00', true),
	(245, 'Cassian Roseblade', 'Fighter', 3, '2024-05-13 03:00:56.987228+00', true),
	(241, 'Vanquisher Fidelia Duskfield', 'Fighter', 9, '2024-05-13 03:00:56.81939+00', true),
	(237, 'Aspirant Maelis Nightsong', 'Druid', 6, '2024-05-13 03:00:55.270668+00', true),
	(236, 'Persephone Whisperwind', 'Fighter', 3, '2024-05-13 03:00:55.116069+00', true),
	(326, 'Conqueror Cuxpapmok', 'Fighter', 15, '2024-05-14 06:16:25.870326+00', true),
	(238, 'Champion Isolde Cloudwalker', 'Fighter', 11, '2024-05-13 03:00:55.366514+00', true),
	(242, 'Fenella Amberdawn', 'Fighter', 2, '2024-05-13 03:00:56.824227+00', true),
	(246, 'Drystan Ravenwind', 'Fighter', 3, '2024-05-13 03:01:15.522985+00', true),
	(327, 'Knight Tamsin Roseblade', 'Fighter', 5, '2024-05-14 06:16:25.870469+00', true),
	(239, 'Qeshnok', 'Fighter', 3, '2024-05-13 03:00:55.371351+00', true),
	(243, 'Csqksh', 'Fighter', 4, '2024-05-13 03:00:56.960142+00', true),
	(247, 'Arcanologist Ardelia Ironhart', 'Wizard', 7, '2024-05-13 03:01:15.525655+00', true),
	(331, 'Annihilator Darius Stormrider', 'Barbarian', 15, '2024-05-14 08:16:26.235193+00', true),
	(330, 'Holy Knight Cequmonmok', 'Paladin', 14, '2024-05-14 08:16:26.235442+00', true),
	(332, 'Master of Magic Bopek Kip', 'Wizard', 20, '2024-05-14 08:16:45.127655+00', true),
	(240, 'Archmage Caspian Ironhart', 'Wizard', 17, '2024-05-13 03:00:55.421419+00', true),
	(244, 'Cassian Whisperwind', 'Wizard', 3, '2024-05-13 03:00:56.981536+00', true),
	(333, 'Archmage Fenella Quicksilver', 'Wizard', 15, '2024-05-14 10:15:06.372082+00', true),
	(248, 'Lord Hadrian Duskfield', 'Fighter', 11, '2024-05-13 04:38:57.194317+00', true),
	(250, 'Loremaster Lavinia Thunderstrike', 'Wizard', 15, '2024-05-13 04:39:15.627997+00', true),
	(252, 'Darius Frostbane', 'Fighter', 1, '2024-05-13 04:39:15.776785+00', true),
	(334, 'Loremaster Zephyrine Eaglesong', 'Wizard', 19, '2024-05-14 10:15:06.372237+00', true),
	(249, 'Cassian Eaglesong', 'Fighter', 1, '2024-05-13 04:38:57.193842+00', true),
	(251, 'Archdruid Maelis Roseblade', 'Druid', 15, '2024-05-13 04:39:15.634451+00', true),
	(254, 'Lord Fidelia Quicksilver', 'Fighter', 11, '2024-05-13 04:39:15.78324+00', true),
	(335, 'Arcanologist Quintus Eaglesong', 'Wizard', 8, '2024-05-14 12:18:06.637005+00', true),
	(253, 'Hierophant Lyra Starfall', 'Druid', 17, '2024-05-13 04:39:15.780288+00', true),
	(336, 'Archdruid Smirbruk', 'Druid', 17, '2024-05-14 14:36:27.009417+00', true),
	(255, 'Archmage Thaddeus Blackwood', 'Wizard', 16, '2024-05-13 06:35:17.036823+00', true),
	(256, 'Mage Aseman', 'Wizard', 11, '2024-05-13 06:35:17.036855+00', true),
	(260, 'Arabelle Nightsong', 'Fighter', 2, '2024-05-13 06:35:35.730067+00', true),
	(259, 'Knight Ysolde Eaglesong', 'Fighter', 6, '2024-05-13 06:35:35.726124+00', true),
	(263, 'Stalker Nismil Top', 'Ranger', 10, '2024-05-13 06:35:35.877102+00', true),
	(264, 'Baron Gareth Ironhart', 'Fighter', 16, '2024-05-13 06:35:35.889884+00', true),
	(267, 'Harmony Zzugijgul', 'Druid', 13, '2024-05-13 06:35:37.38279+00', true),
	(337, 'Harmony Zephyrine Duskfield', 'Druid', 14, '2024-05-15 00:16:07.839607+00', true),
	(257, 'Ophelia Nightsong', 'Wizard', 4, '2024-05-13 06:35:17.266307+00', true),
	(265, 'Aspirant Nerissa Lionheart', 'Druid', 9, '2024-05-13 06:35:37.263436+00', true),
	(261, 'Archdruid Thaddeus Frostbane', 'Druid', 18, '2024-05-13 06:35:35.736346+00', true),
	(339, 'Archmage Branwen Goldmane', 'Wizard', 18, '2024-05-15 04:15:29.267061+00', true),
	(342, 'Lord Eldric Whisperwind', 'Fighter', 10, '2024-05-15 04:15:29.427013+00', true),
	(343, 'Apprentice Valemeth', 'Wizard', 6, '2024-05-15 04:15:29.428873+00', true),
	(338, 'Conqueror Osmaror', 'Fighter', 15, '2024-05-15 04:15:29.257223+00', true),
	(258, 'Druid Lorelei Lionheart', 'Druid', 13, '2024-05-13 06:35:17.26704+00', true),
	(262, 'Gareth Thunderstrike', 'Fighter', 3, '2024-05-13 06:35:35.738371+00', true),
	(266, 'Initiate Imusger Doo', 'Druid', 8, '2024-05-13 06:35:37.382711+00', true),
	(345, 'Archmage Fenella Quicksilver', 'Wizard', 15, '2024-05-15 04:15:29.431661+00', true),
	(340, 'Arcanologist Zephyrine Brightwater', 'Wizard', 8, '2024-05-15 04:15:29.268927+00', true),
	(268, 'Duke Jocelyn Lionheart', 'Fighter', 20, '2024-05-13 09:03:14.605564+00', true),
	(269, 'Druid Nevthirasan', 'Druid', 11, '2024-05-13 09:03:14.72247+00', true),
	(341, 'Madan Toe', 'Wizard', 3, '2024-05-15 04:15:29.263478+00', true),
	(270, 'Baron Evaronil', 'Fighter', 19, '2024-05-13 09:03:14.773966+00', true),
	(344, 'Lord Fidelia Quicksilver', 'Fighter', 11, '2024-05-15 04:15:29.430505+00', true),
	(271, 'Lamirothir', 'Fighter', 4, '2024-05-13 09:03:14.780943+00', true),
	(346, 'Hierophant Eldric Thunderstrike', 'Druid', 18, '2024-05-15 06:17:49.832898+00', true),
	(272, 'Radiant Paladin Alistair Stormrider', 'Paladin', 16, '2024-05-13 09:03:14.778379+00', true),
	(348, 'Knight Rosalind Roseblade', 'Fighter', 9, '2024-05-15 06:17:49.834379+00', true),
	(273, 'Harmony Maelis Starfall', 'Druid', 12, '2024-05-13 09:03:14.7772+00', true),
	(347, 'Archdruid Smirbruk', 'Druid', 17, '2024-05-15 06:17:49.830589+00', true),
	(274, 'Fidelia Firestone', 'Fighter', 3, '2024-05-13 09:03:14.847918+00', true),
	(349, 'Primordial Guardian Damaris Roseblade', 'Druid', 20, '2024-05-15 06:17:49.969771+00', true),
	(275, 'Vanquisher Lachlan Starfall', 'Fighter', 9, '2024-05-13 09:03:14.854148+00', true),
	(350, 'Mage Caspian Ravenwind', 'Wizard', 12, '2024-05-15 06:17:49.972038+00', true),
	(276, 'Holy Knight Fqojruk', 'Paladin', 10, '2024-05-13 09:03:14.875572+00', true),
	(351, 'Loremaster Khafiythar', 'Wizard', 18, '2024-05-15 06:17:49.974982+00', true),
	(277, 'Forest Guardian Refsil Stib', 'Ranger', 11, '2024-05-13 11:01:36.27724+00', true),
	(278, 'Aldric Hazelwood', 'Fighter', 1, '2024-05-13 11:01:39.547261+00', true),
	(279, 'Qeshnok', 'Fighter', 3, '2024-05-13 11:01:43.801411+00', true),
	(280, 'Quzlak', 'Druid', 4, '2024-05-13 11:01:48.076113+00', true),
	(281, 'Lord Tristan Whisperwind', 'Fighter', 10, '2024-05-13 11:01:52.511166+00', true),
	(282, 'Hierophant Arasen', 'Druid', 18, '2024-05-13 11:01:56.799671+00', true),
	(283, 'Arcanologist Drystan Mistweaver', 'Wizard', 5, '2024-05-13 11:02:05.085933+00', true),
	(285, 'Aspirant Maelis Nightsong', 'Druid', 6, '2024-05-13 11:02:09.501492+00', true),
	(287, 'Loremaster Vespera Lionheart', 'Wizard', 18, '2024-05-13 11:02:17.03932+00', true),
	(353, 'Marcellus Frostbane', 'Fighter', 4, '2024-05-15 10:33:08.350467+00', true),
	(352, 'Champion Takkof Riff', 'Fighter', 12, '2024-05-15 10:33:08.347542+00', true),
	(356, 'Forest Guardian Refsil Stib', 'Ranger', 11, '2024-05-15 10:33:08.521227+00', true),
	(284, 'Champion Gufiqzag', 'Fighter', 12, '2024-05-13 11:02:05.232101+00', true),
	(286, 'Apprentice Alaric Stormrider', 'Wizard', 6, '2024-05-13 11:02:13.769612+00', true),
	(354, 'Loremaster Lavinia Thunderstrike', 'Wizard', 15, '2024-05-15 10:33:08.323207+00', true),
	(291, 'Valiant Tamsin Starfall', 'Paladin', 7, '2024-05-13 13:29:29.530579+00', true),
	(288, 'Darius Frostbane', 'Fighter', 1, '2024-05-13 13:29:29.389347+00', true),
	(294, 'Tracker Fenella Whisperwind', 'Ranger', 7, '2024-05-13 13:29:56.946176+00', true),
	(355, 'Champion Ugudof Kip', 'Fighter', 10, '2024-05-15 10:33:08.464021+00', true),
	(289, 'Batilnet Squig', 'Fighter', 1, '2024-05-13 13:29:29.522517+00', true),
	(292, 'Hierophant Eldric Thunderstrike', 'Druid', 18, '2024-05-13 13:29:56.92849+00', true),
	(357, 'Druid Imed Glim', 'Druid', 14, '2024-05-15 12:16:08.489945+00', true),
	(290, 'Druid Lafrobug Zop', 'Druid', 13, '2024-05-13 13:29:29.522107+00', true),
	(293, 'Lethisalwyn', 'Fighter', 1, '2024-05-13 13:29:56.939091+00', true),
	(358, 'Stalker Rovonael', 'Ranger', 10, '2024-05-15 12:16:08.656483+00', true),
	(295, 'Valiant Tamsin Ravenwind', 'Paladin', 8, '2024-05-13 15:27:29.29155+00', true),
	(296, 'Arcanologist Corwin Frostbane', 'Wizard', 8, '2024-05-13 15:27:47.754211+00', true),
	(297, 'Gareth Thunderstrike', 'Fighter', 3, '2024-05-13 16:18:29.243837+00', true),
	(302, 'Conqueror Cuxpapmok', 'Fighter', 15, '2024-05-13 16:18:29.429808+00', true),
	(359, 'Vanquisher Ugrup Whim', 'Fighter', 6, '2024-05-15 14:14:10.287687+00', true),
	(303, 'Lord Mumdep Zop', 'Fighter', 10, '2024-05-13 16:18:47.829845+00', true),
	(298, 'Champion Cedric Whisperwind', 'Fighter', 10, '2024-05-13 16:18:29.241137+00', true),
	(360, 'Lord Rpfqsh', 'Fighter', 14, '2024-05-15 14:14:10.287483+00', true),
	(300, 'Exemplar Persephone Oakenshield', 'Paladin', 15, '2024-05-13 16:18:29.403737+00', true),
	(304, 'Damaris Winterbourne', 'Fighter', 1, '2024-05-13 16:18:47.953425+00', true),
	(361, 'Esthirwyn', 'Druid', 3, '2024-05-15 14:14:10.40937+00', true),
	(305, 'Initiate Imusger Doo', 'Druid', 8, '2024-05-13 16:18:47.989987+00', true),
	(299, 'Stalker Rosalind Duskfield', 'Ranger', 13, '2024-05-13 16:18:29.400958+00', true),
	(362, 'Initiate Bcusojmok', 'Druid', 9, '2024-05-15 14:14:10.413422+00', true),
	(301, 'Hierophant Lyra Starfall', 'Druid', 17, '2024-05-13 16:18:29.406413+00', true),
	(363, 'Spellcrafter Faelan Moonshadow', 'Wizard', 13, '2024-05-15 14:14:10.419808+00', true),
	(364, 'Aspirant Nerissa Lionheart', 'Druid', 9, '2024-05-15 16:26:49.116664+00', true),
	(365, 'Archmage Fenella Quicksilver', 'Wizard', 15, '2024-05-15 16:27:09.253231+00', true),
	(366, 'Initiate Fugirmeg Nip', 'Druid', 8, '2024-05-15 16:27:09.280615+00', true),
	(367, 'Warden Ysolde Oakenshield', 'Ranger', 8, '2024-05-15 16:27:09.296585+00', true),
	(368, 'Conqueror Mapeb Tink', 'Fighter', 19, '2024-05-15 22:23:29.736957+00', true),
	(369, 'Druid Nevthirasan', 'Druid', 11, '2024-05-16 00:04:11.283376+00', true),
	(370, 'Initiate Maelis Mistweaver', 'Druid', 5, '2024-05-16 02:14:52.31792+00', true),
	(373, 'Druid Marcellus Firestone', 'Druid', 10, '2024-05-16 04:27:11.364526+00', true),
	(375, 'Champion Lachlan Duskfield', 'Fighter', 12, '2024-05-16 04:27:31.216583+00', true),
	(372, 'Druid Drystan Eaglesong', 'Druid', 13, '2024-05-16 04:27:11.358234+00', true),
	(376, 'Lord Quintus Frostbane', 'Fighter', 10, '2024-05-16 04:27:31.249705+00', true),
	(374, 'Conqueror Melisande Eaglesong', 'Fighter', 18, '2024-05-16 04:27:11.360331+00', true),
	(371, 'Gareth Phoenixflame', 'Druid', 3, '2024-05-16 04:27:11.361202+00', true),
	(377, 'Archdruid Eldric Nightsong', 'Druid', 19, '2024-05-16 06:15:52.455847+00', true),
	(378, 'Baron Guinevere Frostbane', 'Fighter', 15, '2024-05-16 06:15:52.4751+00', true),
	(379, 'Hierophant Lyra Starfall', 'Druid', 17, '2024-05-16 06:16:12.607368+00', true),
	(385, 'Lord Mumdep Zop', 'Fighter', 10, '2024-05-16 08:17:53.841154+00', true),
	(380, 'Evelina Glimmerstone', 'Fighter', 4, '2024-05-16 08:17:53.324319+00', true),
	(384, 'Spellcrafter Imogen Thunderstrike', 'Wizard', 10, '2024-05-16 08:17:53.694304+00', true),
	(381, 'Edric Blackwood', 'Druid', 4, '2024-05-16 08:17:53.327755+00', true),
	(382, 'Hierophant Efkelar Stubble', 'Druid', 18, '2024-05-16 08:17:53.324482+00', true),
	(383, 'Melisande Duskfield', 'Druid', 4, '2024-05-16 08:17:53.681055+00', true),
	(386, 'Archmage Caspian Ironhart', 'Wizard', 17, '2024-05-16 10:27:11.376833+00', true),
	(387, 'Guinevere Oakenshield', 'Druid', 4, '2024-05-16 10:27:11.378092+00', true),
	(388, 'Conqueror Mapeb Tink', 'Fighter', 19, '2024-05-16 10:27:11.377279+00', true),
	(389, 'Harmony Fenella Shadowvale', 'Druid', 11, '2024-05-16 10:27:11.491325+00', true),
	(217, 'Knight Branwen Hawthorne', 'Fighter', 5, '2024-05-12 10:27:27.549825+00', true),
	(390, 'Vanquisher Faelan Roseblade', 'Fighter', 7, '2024-05-16 10:27:11.499756+00', true);


--
-- Data for Name: potions; Type: TABLE DATA; Schema: public; Owner: postgres
--

INSERT INTO "public"."potions" ("red", "green", "blue", "dark", "price", "potion_sku", "name") VALUES
	(0, 0, 100, 0, 50, 'blue_potion', 'Blue Potion'),
	(100, 0, 0, 0, 50, 'red_potion', 'Red Potion'),
	(0, 100, 0, 0, 40, 'green_potion', 'Green Potion'),
	(25, 25, 50, 0, 40, 'fortifying_coruscat', 'Fortifying Coruscating Jerking Potion'),
	(25, 50, 25, 0, 40, 'fortifying_insightf', 'Fortifying Insightful Refreshing Potion'),
	(0, 50, 50, 0, 40, 'insightful_jerking_', 'Insightful Jerking Potion'),
	(50, 25, 25, 0, 60, 'charming_coruscatin', 'Charming Coruscating Refreshing Potion'),
	(50, 0, 50, 0, 60, 'charming_jerking_po', 'Charming Jerking Potion'),
	(50, 50, 0, 0, 60, 'charming_insightful', 'Charming Insightful Potion');


--
-- Data for Name: carts; Type: TABLE DATA; Schema: public; Owner: postgres
--

INSERT INTO "public"."carts" ("id", "item_sku", "quantity", "customer_id") VALUES
	(119, 'red_potion', 2, 136),
	(120, 'red_potion', 2, 137),
	(121, 'red_potion', 1, 138),
	(122, 'red_potion', 8, 140),
	(123, 'red_potion', 4, 139),
	(124, 'red_potion', 7, 141),
	(125, 'red_potion', 1, 143),
	(126, 'red_potion', 5, 142),
	(127, 'red_potion', 5, 144),
	(128, 'blue_potion', 2, 145),
	(129, 'blue_potion', 3, 146),
	(130, 'green_potion', 5, 147),
	(131, 'blue_potion', 5, 151),
	(132, 'red_potion', 1, 148),
	(133, 'red_potion', 1, 150),
	(134, 'red_potion', 3, 149),
	(135, 'green_potion', 5, 152),
	(136, 'blue_potion', 6, 153),
	(137, 'red_potion', 4, 154),
	(138, 'green_potion', 6, 155),
	(139, 'blue_potion', 1, 156),
	(140, 'red_potion', 3, 157),
	(141, 'red_potion', 2, 159),
	(142, 'red_potion', 7, 158),
	(143, 'red_potion', 2, 160),
	(144, 'blue_potion', 1, 161),
	(145, 'fortifying_coruscat', 3, 164),
	(146, 'blue_potion', 1, 162),
	(147, 'green_potion', 2, 163),
	(148, 'red_potion', 1, 165),
	(149, 'red_potion', 2, 166),
	(150, 'fortifying_insightf', 1, 167),
	(151, 'green_potion', 1, 169),
	(152, 'blue_potion', 1, 168),
	(153, 'red_potion', 2, 171),
	(154, 'charming_insightful', 6, 170),
	(155, 'charming_insightful', 8, 172),
	(156, 'blue_potion', 2, 173),
	(157, 'charming_insightful', 2, 174),
	(158, 'charming_coruscatin', 4, 175),
	(159, 'fortifying_insightf', 1, 176),
	(160, 'fortifying_insightf', 2, 177),
	(161, 'red_potion', 3, 178),
	(162, 'blue_potion', 1, 180),
	(163, 'green_potion', 2, 179),
	(164, 'charming_coruscatin', 1, 181),
	(165, 'fortifying_insightf', 1, 182),
	(166, 'fortifying_coruscat', 3, 183),
	(167, 'blue_potion', 1, 184),
	(168, 'green_potion', 1, 185),
	(169, 'fortifying_insightf', 3, 186),
	(170, 'fortifying_coruscat', 1, 187),
	(171, 'charming_jerking_po', 5, 188),
	(172, 'charming_jerking_po', 1, 189),
	(173, 'charming_jerking_po', 8, 191),
	(174, 'charming_jerking_po', 3, 190),
	(175, 'blue_potion', 1, 192),
	(176, 'green_potion', 1, 193),
	(177, 'green_potion', 1, 194),
	(178, 'charming_coruscatin', 1, 197),
	(179, 'charming_insightful', 3, 196),
	(180, 'charming_insightful', 7, 195),
	(181, 'fortifying_insightf', 2, 199),
	(182, 'charming_jerking_po', 4, 198),
	(183, 'red_potion', 1, 200),
	(184, 'red_potion', 2, 201),
	(185, 'red_potion', 1, 202),
	(186, 'fortifying_coruscat', 1, 205),
	(187, 'red_potion', 5, 203),
	(188, 'red_potion', 4, 206),
	(189, 'red_potion', 2, 204),
	(190, 'charming_coruscatin', 2, 207),
	(191, 'charming_jerking_po', 4, 208),
	(192, 'charming_insightful', 3, 209),
	(193, 'green_potion', 1, 210),
	(194, 'red_potion', 2, 212),
	(196, 'red_potion', 2, 214),
	(195, 'red_potion', 5, 211),
	(197, 'green_potion', 8, 213),
	(198, 'red_potion', 6, 216),
	(199, 'green_potion', 2, 215),
	(200, 'red_potion', 5, 219),
	(201, 'red_potion', 3, 221),
	(202, 'green_potion', 5, 220),
	(203, 'green_potion', 5, 218),
	(204, 'red_potion', 7, 217),
	(205, 'red_potion', 6, 223),
	(206, 'red_potion', 5, 222),
	(207, 'red_potion', 4, 224),
	(208, 'red_potion', 5, 225),
	(209, 'red_potion', 4, 226),
	(210, 'green_potion', 8, 227),
	(211, 'blue_potion', 1, 228),
	(212, 'blue_potion', 2, 229),
	(213, 'red_potion', 7, 230),
	(214, 'charming_jerking_po', 4, 233),
	(215, 'green_potion', 7, 232),
	(216, 'charming_insightful', 3, 231),
	(217, 'red_potion', 3, 234),
	(218, 'blue_potion', 4, 240),
	(219, 'red_potion', 1, 235),
	(220, 'red_potion', 3, 238),
	(221, 'red_potion', 2, 241),
	(222, 'red_potion', 3, 239),
	(223, 'red_potion', 5, 242),
	(224, 'green_potion', 3, 237),
	(226, 'red_potion', 5, 243),
	(225, 'red_potion', 7, 236),
	(227, 'blue_potion', 7, 244),
	(228, 'red_potion', 7, 245),
	(229, 'red_potion', 3, 246),
	(230, 'blue_potion', 1, 247),
	(231, 'red_potion', 4, 252),
	(232, 'fortifying_insightf', 1, 251),
	(233, 'red_potion', 4, 254),
	(234, 'red_potion', 4, 249),
	(235, 'red_potion', 2, 248),
	(236, 'fortifying_coruscat', 1, 250),
	(237, 'green_potion', 8, 253),
	(239, 'blue_potion', 5, 256),
	(238, 'fortifying_insightf', 1, 258),
	(241, 'blue_potion', 2, 257),
	(240, 'blue_potion', 5, 255),
	(242, 'charming_insightful', 4, 263),
	(243, 'red_potion', 3, 260),
	(244, 'red_potion', 8, 259),
	(245, 'red_potion', 3, 262),
	(246, 'green_potion', 6, 261),
	(247, 'green_potion', 3, 267),
	(248, 'red_potion', 5, 264),
	(249, 'green_potion', 1, 266),
	(250, 'green_potion', 2, 265),
	(251, 'charming_jerking_po', 3, 272),
	(252, 'red_potion', 5, 275),
	(253, 'green_potion', 4, 273),
	(254, 'green_potion', 5, 269),
	(255, 'red_potion', 2, 268),
	(256, 'charming_jerking_po', 1, 276),
	(257, 'red_potion', 5, 270),
	(258, 'red_potion', 2, 271),
	(259, 'red_potion', 1, 274),
	(260, 'red_potion', 7, 278),
	(261, 'red_potion', 4, 279),
	(262, 'charming_insightful', 3, 277),
	(263, 'blue_potion', 4, 287),
	(264, 'red_potion', 4, 281),
	(265, 'blue_potion', 3, 286),
	(266, 'green_potion', 2, 285),
	(267, 'blue_potion', 4, 283),
	(268, 'green_potion', 8, 280),
	(269, 'green_potion', 1, 282),
	(270, 'red_potion', 3, 284),
	(271, 'charming_jerking_po', 1, 291),
	(272, 'red_potion', 5, 288),
	(273, 'red_potion', 3, 289),
	(274, 'green_potion', 6, 290),
	(275, 'red_potion', 7, 293),
	(276, 'green_potion', 4, 292),
	(277, 'fortifying_insightf', 1, 294),
	(278, 'charming_jerking_po', 2, 295),
	(279, 'blue_potion', 3, 296),
	(280, 'green_potion', 1, 301),
	(281, 'red_potion', 2, 297),
	(282, 'red_potion', 7, 303),
	(283, 'charming_insightful', 6, 299),
	(284, 'charming_jerking_po', 5, 300),
	(285, 'green_potion', 3, 305),
	(286, 'red_potion', 4, 298),
	(287, 'red_potion', 5, 304),
	(288, 'red_potion', 5, 302),
	(289, 'red_potion', 5, 306),
	(290, 'charming_jerking_po', 2, 307),
	(291, 'green_potion', 4, 308),
	(292, 'green_potion', 3, 309),
	(293, 'blue_potion', 7, 310),
	(294, 'charming_jerking_po', 1, 311),
	(295, 'blue_potion', 7, 312),
	(296, 'green_potion', 5, 313),
	(297, 'green_potion', 5, 314),
	(298, 'green_potion', 3, 315),
	(299, 'fortifying_insightf', 3, 316),
	(301, 'red_potion', 7, 317),
	(300, 'blue_potion', 8, 318),
	(302, 'red_potion', 5, 320),
	(303, 'fortifying_coruscat', 5, 319),
	(304, 'red_potion', 5, 321),
	(305, 'red_potion', 3, 324),
	(306, 'red_potion', 7, 322),
	(307, 'blue_potion', 6, 323),
	(308, 'red_potion', 5, 325),
	(309, 'green_potion', 6, 328),
	(310, 'green_potion', 4, 329),
	(311, 'red_potion', 3, 326),
	(312, 'red_potion', 2, 327),
	(313, 'charming_jerking_po', 1, 330),
	(314, 'blue_potion', 3, 332),
	(315, 'charming_insightful', 2, 331),
	(316, 'fortifying_coruscat', 2, 334),
	(317, 'blue_potion', 1, 333),
	(318, 'blue_potion', 2, 335),
	(319, 'fortifying_insightf', 1, 336),
	(320, 'green_potion', 4, 337),
	(321, 'red_potion', 5, 342),
	(322, 'red_potion', 5, 338),
	(323, 'blue_potion', 2, 339),
	(324, 'blue_potion', 4, 340),
	(325, 'red_potion', 1, 344),
	(326, 'blue_potion', 3, 341),
	(327, 'blue_potion', 5, 343),
	(328, 'blue_potion', 1, 345),
	(329, 'green_potion', 7, 346),
	(330, 'fortifying_coruscat', 2, 350),
	(331, 'fortifying_coruscat', 2, 351),
	(332, 'green_potion', 1, 347),
	(333, 'red_potion', 1, 348),
	(334, 'green_potion', 2, 349),
	(335, 'red_potion', 8, 352),
	(337, 'red_potion', 2, 355),
	(336, 'charming_insightful', 5, 356),
	(338, 'blue_potion', 1, 354),
	(339, 'red_potion', 3, 353),
	(340, 'green_potion', 1, 357),
	(341, 'charming_insightful', 3, 358),
	(342, 'red_potion', 8, 360),
	(343, 'blue_potion', 8, 363),
	(344, 'green_potion', 3, 361),
	(345, 'green_potion', 1, 362),
	(346, 'red_potion', 1, 359),
	(347, 'blue_potion', 1, 365),
	(348, 'fortifying_insightf', 4, 367),
	(349, 'green_potion', 1, 364),
	(350, 'green_potion', 5, 366),
	(351, 'red_potion', 5, 368),
	(352, 'green_potion', 6, 369),
	(353, 'green_potion', 7, 370),
	(354, 'green_potion', 1, 372),
	(355, 'red_potion', 2, 376),
	(356, 'red_potion', 4, 374),
	(357, 'red_potion', 7, 375),
	(358, 'green_potion', 2, 371),
	(359, 'green_potion', 2, 373),
	(360, 'green_potion', 2, 379),
	(361, 'green_potion', 1, 377),
	(362, 'red_potion', 8, 378),
	(363, 'blue_potion', 1, 384),
	(364, 'red_potion', 1, 385),
	(365, 'red_potion', 8, 380),
	(366, 'green_potion', 1, 382),
	(367, 'green_potion', 6, 383),
	(368, 'green_potion', 3, 381),
	(371, 'blue_potion', 1, 386),
	(370, 'red_potion', 8, 390),
	(372, 'green_potion', 2, 389),
	(373, 'green_potion', 8, 387),
	(369, 'red_potion', 8, 388),
	(374, 'green_potion', 7, 394),
	(375, 'red_potion', 3, 392),
	(376, 'green_potion', 3, 393),
	(377, 'blue_potion', 3, 391),
	(378, 'red_potion', 8, 395),
	(379, 'charming_jerking_po', 3, 396),
	(380, 'charming_jerking_po', 4, 397),
	(381, 'charming_jerking_po', 1, 398),
	(382, 'red_potion', 2, 399);


--
-- Data for Name: inventory; Type: TABLE DATA; Schema: public; Owner: postgres
--

INSERT INTO "public"."inventory" ("attribute") VALUES
	('gold'),
	('red_ml'),
	('green_ml'),
	('blue_ml'),
	('dark_ml');


--
-- Data for Name: inventory_ledger; Type: TABLE DATA; Schema: public; Owner: postgres
--

INSERT INTO "public"."inventory_ledger" ("id", "time", "attribute", "change", "reason") VALUES
	(292, '2024-05-06 16:11:33.120659+00', 'gold', 100, 'admin reset'),
	(293, '2024-05-06 16:22:18.638668+00', 'red_ml', 500, 'barrel delivery'),
	(294, '2024-05-06 16:22:18.638668+00', 'gold', -100, 'barrel delivery'),
	(295, '2024-05-07 00:26:35.046577+00', 'red_ml', -500, 'potion delivery'),
	(296, '2024-05-07 08:47:39.322537+00', 'gold', 100, '137 checked out.'),
	(297, '2024-05-07 08:47:39.446201+00', 'gold', 100, '136 checked out.'),
	(298, '2024-05-07 10:27:23.426801+00', 'gold', 50, '138 checked out.'),
	(299, '2024-05-07 12:27:57.515352+00', 'red_ml', 2500, 'barrel delivery'),
	(300, '2024-05-07 12:27:57.515352+00', 'gold', -250, 'barrel delivery'),
	(301, '2024-05-07 14:19:38.330818+00', 'red_ml', -1200, 'potion delivery'),
	(302, '2024-05-07 16:26:22.264498+00', 'red_ml', -900, 'potion delivery'),
	(303, '2024-05-07 18:17:15.489102+00', 'red_ml', -400, 'potion delivery'),
	(305, '2024-05-07 22:06:36.252064+00', 'gold', 160, '139 checked out.'),
	(304, '2024-05-07 22:06:36.252218+00', 'gold', 320, '140 checked out.'),
	(306, '2024-05-08 00:26:00.030318+00', 'red_ml', 500, 'barrel delivery'),
	(307, '2024-05-08 00:26:00.030318+00', 'green_ml', 500, 'barrel delivery'),
	(308, '2024-05-08 00:26:00.030318+00', 'blue_ml', 500, 'barrel delivery'),
	(309, '2024-05-08 00:26:00.030318+00', 'gold', -320, 'barrel delivery'),
	(310, '2024-05-08 00:45:15.416311+00', 'gold', 280, '141 checked out.'),
	(311, '2024-05-08 02:05:34.790226+00', 'red_ml', -500, 'potion delivery'),
	(312, '2024-05-08 02:05:34.790226+00', 'green_ml', -500, 'potion delivery'),
	(313, '2024-05-08 02:05:34.790226+00', 'blue_ml', -500, 'potion delivery'),
	(314, '2024-05-08 02:07:48.978931+00', 'gold', 40, '143 checked out.'),
	(315, '2024-05-08 02:07:48.988275+00', 'gold', 200, '142 checked out.'),
	(316, '2024-05-08 04:28:05.72036+00', 'red_ml', 500, 'barrel delivery'),
	(317, '2024-05-08 04:28:05.72036+00', 'green_ml', 500, 'barrel delivery'),
	(318, '2024-05-08 04:28:05.72036+00', 'blue_ml', 500, 'barrel delivery'),
	(319, '2024-05-08 04:28:05.72036+00', 'gold', -320, 'barrel delivery'),
	(320, '2024-05-08 04:45:07.934381+00', 'gold', 150, '146 checked out.'),
	(321, '2024-05-08 04:45:07.930461+00', 'gold', 100, '145 checked out.'),
	(322, '2024-05-08 04:45:08.075407+00', 'gold', 200, '144 checked out.'),
	(323, '2024-05-08 06:05:48.873365+00', 'red_ml', -500, 'potion delivery'),
	(324, '2024-05-08 06:05:48.873365+00', 'green_ml', -500, 'potion delivery'),
	(325, '2024-05-08 06:05:48.873365+00', 'blue_ml', -500, 'potion delivery'),
	(326, '2024-05-08 09:01:31.254656+00', 'gold', 40, '150 checked out.'),
	(327, '2024-05-08 09:01:31.253993+00', 'gold', 120, '149 checked out.'),
	(328, '2024-05-08 09:01:31.253974+00', 'gold', 250, '151 checked out.'),
	(329, '2024-05-08 09:01:31.26486+00', 'gold', 250, '147 checked out.'),
	(330, '2024-05-08 09:01:31.517423+00', 'gold', 40, '148 checked out.'),
	(331, '2024-05-08 10:33:37.567057+00', 'gold', 250, '152 checked out.'),
	(332, '2024-05-08 16:06:54.135597+00', 'red_ml', 2000, 'barrel delivery'),
	(333, '2024-05-08 16:06:54.135597+00', 'green_ml', 1000, 'barrel delivery'),
	(334, '2024-05-08 16:06:54.135597+00', 'blue_ml', 1000, 'barrel delivery'),
	(335, '2024-05-08 16:06:54.135597+00', 'red_ml', 200, 'barrel delivery'),
	(336, '2024-05-08 16:06:54.135597+00', 'green_ml', 200, 'barrel delivery'),
	(337, '2024-05-08 16:06:54.135597+00', 'blue_ml', 200, 'barrel delivery'),
	(338, '2024-05-08 16:06:54.135597+00', 'gold', -1020, 'barrel delivery'),
	(339, '2024-05-08 18:20:05.642484+00', 'red_ml', -1200, 'potion delivery'),
	(340, '2024-05-08 18:20:05.642484+00', 'green_ml', -500, 'potion delivery'),
	(341, '2024-05-08 18:20:05.642484+00', 'blue_ml', -600, 'potion delivery'),
	(342, '2024-05-08 18:20:05.642484+00', 'red_ml', -300, 'potion delivery'),
	(343, '2024-05-08 18:20:05.642484+00', 'green_ml', -300, 'potion delivery'),
	(344, '2024-05-08 18:20:05.642484+00', 'red_ml', -200, 'potion delivery'),
	(345, '2024-05-08 18:20:05.642484+00', 'blue_ml', -200, 'potion delivery'),
	(346, '2024-05-08 18:20:05.642484+00', 'red_ml', -100, 'potion delivery'),
	(347, '2024-05-08 18:20:05.642484+00', 'green_ml', -50, 'potion delivery'),
	(348, '2024-05-08 18:20:05.642484+00', 'blue_ml', -50, 'potion delivery'),
	(349, '2024-05-08 18:20:05.642484+00', 'green_ml', -200, 'potion delivery'),
	(350, '2024-05-08 18:20:05.642484+00', 'blue_ml', -200, 'potion delivery'),
	(351, '2024-05-08 18:20:05.642484+00', 'red_ml', -50, 'potion delivery'),
	(352, '2024-05-08 18:20:05.642484+00', 'green_ml', -100, 'potion delivery'),
	(353, '2024-05-08 18:20:05.642484+00', 'blue_ml', -50, 'potion delivery'),
	(354, '2024-05-08 18:20:05.642484+00', 'red_ml', -50, 'potion delivery'),
	(355, '2024-05-08 18:20:05.642484+00', 'green_ml', -50, 'potion delivery'),
	(356, '2024-05-08 18:20:05.642484+00', 'blue_ml', -100, 'potion delivery'),
	(357, '2024-05-08 20:50:14.477142+00', 'red_ml', 500, 'barrel delivery'),
	(358, '2024-05-08 20:50:14.477142+00', 'green_ml', 500, 'barrel delivery'),
	(359, '2024-05-08 20:50:14.477142+00', 'blue_ml', 500, 'barrel delivery'),
	(360, '2024-05-08 20:50:14.477142+00', 'red_ml', 200, 'barrel delivery'),
	(361, '2024-05-08 20:50:14.477142+00', 'green_ml', 200, 'barrel delivery'),
	(362, '2024-05-08 20:50:14.477142+00', 'blue_ml', 200, 'barrel delivery'),
	(363, '2024-05-08 20:50:14.477142+00', 'gold', -500, 'barrel delivery'),
	(364, '2024-05-08 20:50:14.745076+00', 'red_ml', -100, 'potion delivery'),
	(365, '2024-05-08 21:13:41.528867+00', 'gold', 300, '153 checked out.'),
	(366, '2024-05-08 22:17:07.032613+00', 'red_ml', -300, 'potion delivery'),
	(367, '2024-05-08 22:17:07.032613+00', 'green_ml', -100, 'potion delivery'),
	(368, '2024-05-08 22:17:07.032613+00', 'blue_ml', -100, 'potion delivery'),
	(369, '2024-05-08 22:17:07.032613+00', 'red_ml', -100, 'potion delivery'),
	(370, '2024-05-08 22:17:07.032613+00', 'green_ml', -100, 'potion delivery'),
	(371, '2024-05-08 22:17:07.032613+00', 'green_ml', -50, 'potion delivery'),
	(372, '2024-05-08 22:17:07.032613+00', 'blue_ml', -50, 'potion delivery'),
	(373, '2024-05-08 22:17:07.032613+00', 'red_ml', -25, 'potion delivery'),
	(374, '2024-05-08 22:17:07.032613+00', 'green_ml', -50, 'potion delivery'),
	(375, '2024-05-08 22:17:07.032613+00', 'blue_ml', -25, 'potion delivery'),
	(376, '2024-05-08 22:17:07.032613+00', 'red_ml', -100, 'potion delivery'),
	(377, '2024-05-08 22:17:07.032613+00', 'blue_ml', -100, 'potion delivery'),
	(378, '2024-05-08 22:17:07.032613+00', 'red_ml', -50, 'potion delivery'),
	(379, '2024-05-08 22:17:07.032613+00', 'green_ml', -25, 'potion delivery'),
	(380, '2024-05-08 22:17:07.032613+00', 'blue_ml', -25, 'potion delivery'),
	(381, '2024-05-08 22:24:05.205172+00', 'gold', 120, '154 checked out.'),
	(382, '2024-05-09 00:06:42.678316+00', 'red_ml', 500, 'barrel delivery'),
	(383, '2024-05-09 00:06:42.678316+00', 'green_ml', 500, 'barrel delivery'),
	(384, '2024-05-09 00:06:42.678316+00', 'red_ml', 200, 'barrel delivery'),
	(385, '2024-05-09 00:06:42.678316+00', 'green_ml', 200, 'barrel delivery'),
	(386, '2024-05-09 00:06:42.678316+00', 'blue_ml', 200, 'barrel delivery'),
	(387, '2024-05-09 00:06:42.678316+00', 'gold', -380, 'barrel delivery'),
	(388, '2024-05-09 00:11:02.684341+00', 'gold', 360, '155 checked out.'),
	(389, '2024-05-09 00:11:02.809688+00', 'gold', 50, '156 checked out.'),
	(390, '2024-05-09 02:17:19.406869+00', 'red_ml', -200, 'potion delivery'),
	(391, '2024-05-09 02:17:19.406869+00', 'green_ml', -100, 'potion delivery'),
	(392, '2024-05-09 02:17:19.406869+00', 'blue_ml', -100, 'potion delivery'),
	(393, '2024-05-09 02:17:19.406869+00', 'red_ml', -50, 'potion delivery'),
	(394, '2024-05-09 02:17:19.406869+00', 'blue_ml', -50, 'potion delivery'),
	(395, '2024-05-09 02:17:19.406869+00', 'green_ml', -100, 'potion delivery'),
	(396, '2024-05-09 02:17:19.406869+00', 'blue_ml', -100, 'potion delivery'),
	(397, '2024-05-09 02:17:19.406869+00', 'red_ml', -25, 'potion delivery'),
	(398, '2024-05-09 02:17:19.406869+00', 'green_ml', -25, 'potion delivery'),
	(399, '2024-05-09 02:17:19.406869+00', 'blue_ml', -50, 'potion delivery'),
	(400, '2024-05-09 02:17:19.406869+00', 'red_ml', -100, 'potion delivery'),
	(401, '2024-05-09 02:17:19.406869+00', 'green_ml', -100, 'potion delivery'),
	(402, '2024-05-09 02:17:19.406869+00', 'red_ml', -25, 'potion delivery'),
	(403, '2024-05-09 02:17:19.406869+00', 'green_ml', -50, 'potion delivery'),
	(404, '2024-05-09 02:17:19.406869+00', 'blue_ml', -25, 'potion delivery'),
	(405, '2024-05-09 02:24:59.426971+00', 'gold', 60, '159 checked out.'),
	(406, '2024-05-09 02:24:59.431756+00', 'gold', 90, '157 checked out.'),
	(407, '2024-05-09 02:24:59.57803+00', 'gold', 210, '158 checked out.'),
	(408, '2024-05-09 04:22:11.8799+00', 'red_ml', 1000, 'barrel delivery'),
	(409, '2024-05-09 04:22:11.8799+00', 'green_ml', 1000, 'barrel delivery'),
	(410, '2024-05-09 04:22:11.8799+00', 'blue_ml', 500, 'barrel delivery'),
	(411, '2024-05-09 04:22:11.8799+00', 'red_ml', 200, 'barrel delivery'),
	(412, '2024-05-09 04:22:11.8799+00', 'green_ml', 200, 'barrel delivery'),
	(413, '2024-05-09 04:22:11.8799+00', 'blue_ml', 200, 'barrel delivery'),
	(414, '2024-05-09 04:22:11.8799+00', 'gold', -700, 'barrel delivery'),
	(415, '2024-05-09 04:22:13.380825+00', 'red_ml', -300, 'potion delivery'),
	(416, '2024-05-09 04:22:13.380825+00', 'green_ml', -100, 'potion delivery'),
	(417, '2024-05-09 04:22:13.380825+00', 'blue_ml', -100, 'potion delivery'),
	(418, '2024-05-09 04:22:13.380825+00', 'red_ml', -150, 'potion delivery'),
	(419, '2024-05-09 04:22:13.380825+00', 'green_ml', -150, 'potion delivery'),
	(420, '2024-05-09 04:22:13.380825+00', 'green_ml', -50, 'potion delivery'),
	(421, '2024-05-09 04:22:13.380825+00', 'blue_ml', -50, 'potion delivery'),
	(422, '2024-05-09 04:22:13.380825+00', 'red_ml', -25, 'potion delivery'),
	(423, '2024-05-09 04:22:13.380825+00', 'green_ml', -50, 'potion delivery'),
	(424, '2024-05-09 04:22:13.380825+00', 'blue_ml', -25, 'potion delivery'),
	(425, '2024-05-09 04:22:13.380825+00', 'red_ml', -50, 'potion delivery'),
	(426, '2024-05-09 04:22:13.380825+00', 'blue_ml', -50, 'potion delivery'),
	(427, '2024-05-09 04:22:13.380825+00', 'red_ml', -50, 'potion delivery'),
	(428, '2024-05-09 04:22:13.380825+00', 'green_ml', -25, 'potion delivery'),
	(429, '2024-05-09 04:22:13.380825+00', 'blue_ml', -25, 'potion delivery'),
	(430, '2024-05-09 04:39:21.65646+00', 'gold', 60, '160 checked out.'),
	(431, '2024-05-09 04:39:23.15913+00', 'gold', 50, '161 checked out.'),
	(432, '2024-05-09 06:29:45.701973+00', 'gold', 50, '162 checked out.'),
	(433, '2024-05-09 06:29:47.079479+00', 'gold', 150, '164 checked out.'),
	(434, '2024-05-09 06:29:47.219476+00', 'gold', 120, '163 checked out.'),
	(435, '2024-05-09 08:20:08.052398+00', 'red_ml', 500, 'barrel delivery'),
	(436, '2024-05-09 08:20:08.052398+00', 'green_ml', 500, 'barrel delivery'),
	(437, '2024-05-09 08:20:08.052398+00', 'blue_ml', 500, 'barrel delivery'),
	(438, '2024-05-09 08:20:08.052398+00', 'red_ml', 200, 'barrel delivery'),
	(439, '2024-05-09 08:20:08.052398+00', 'green_ml', 200, 'barrel delivery'),
	(440, '2024-05-09 08:20:08.052398+00', 'blue_ml', 200, 'barrel delivery'),
	(441, '2024-05-09 08:20:08.052398+00', 'gold', -500, 'barrel delivery'),
	(442, '2024-05-09 08:20:09.551218+00', 'red_ml', -200, 'potion delivery'),
	(443, '2024-05-09 08:20:09.551218+00', 'green_ml', -100, 'potion delivery'),
	(444, '2024-05-09 08:20:09.551218+00', 'blue_ml', -100, 'potion delivery'),
	(445, '2024-05-09 08:20:09.551218+00', 'red_ml', -50, 'potion delivery'),
	(446, '2024-05-09 08:20:09.551218+00', 'green_ml', -50, 'potion delivery'),
	(447, '2024-05-09 08:20:09.551218+00', 'green_ml', -100, 'potion delivery'),
	(448, '2024-05-09 08:20:09.551218+00', 'blue_ml', -100, 'potion delivery'),
	(449, '2024-05-09 08:20:09.551218+00', 'red_ml', -25, 'potion delivery'),
	(450, '2024-05-09 08:20:09.551218+00', 'green_ml', -50, 'potion delivery'),
	(451, '2024-05-09 08:20:09.551218+00', 'blue_ml', -25, 'potion delivery'),
	(452, '2024-05-09 08:20:09.551218+00', 'red_ml', -50, 'potion delivery'),
	(453, '2024-05-09 08:20:09.551218+00', 'blue_ml', -50, 'potion delivery'),
	(454, '2024-05-09 08:38:27.410425+00', 'gold', 30, '165 checked out.'),
	(455, '2024-05-09 08:38:28.970452+00', 'gold', 60, '166 checked out.'),
	(456, '2024-05-09 08:38:40.45871+00', 'gold', 50, '167 checked out.'),
	(457, '2024-05-09 10:29:28.478175+00', 'gold', 60, '171 checked out.'),
	(458, '2024-05-09 10:29:28.604152+00', 'gold', 60, '169 checked out.'),
	(459, '2024-05-09 10:29:28.728209+00', 'gold', 300, '170 checked out.'),
	(460, '2024-05-09 10:29:28.731262+00', 'gold', 50, '168 checked out.'),
	(461, '2024-05-09 12:21:48.655793+00', 'red_ml', 500, 'barrel delivery'),
	(462, '2024-05-09 12:21:48.655793+00', 'green_ml', 500, 'barrel delivery'),
	(463, '2024-05-09 12:21:48.655793+00', 'blue_ml', 500, 'barrel delivery'),
	(464, '2024-05-09 12:21:48.655793+00', 'red_ml', 200, 'barrel delivery'),
	(465, '2024-05-09 12:21:48.655793+00', 'green_ml', 200, 'barrel delivery'),
	(466, '2024-05-09 12:21:48.655793+00', 'blue_ml', 200, 'barrel delivery'),
	(467, '2024-05-09 12:21:48.655793+00', 'gold', -500, 'barrel delivery'),
	(468, '2024-05-09 12:21:49.965391+00', 'red_ml', -300, 'potion delivery'),
	(469, '2024-05-09 12:21:49.965391+00', 'green_ml', -100, 'potion delivery'),
	(470, '2024-05-09 12:21:49.965391+00', 'blue_ml', -200, 'potion delivery'),
	(471, '2024-05-09 12:21:49.965391+00', 'red_ml', -100, 'potion delivery'),
	(472, '2024-05-09 12:21:49.965391+00', 'blue_ml', -100, 'potion delivery'),
	(473, '2024-05-09 12:21:49.965391+00', 'green_ml', -100, 'potion delivery'),
	(474, '2024-05-09 12:21:49.965391+00', 'blue_ml', -100, 'potion delivery'),
	(475, '2024-05-09 12:21:49.965391+00', 'red_ml', -25, 'potion delivery'),
	(476, '2024-05-09 12:21:49.965391+00', 'green_ml', -25, 'potion delivery'),
	(477, '2024-05-09 12:21:49.965391+00', 'blue_ml', -50, 'potion delivery'),
	(478, '2024-05-09 12:21:49.965391+00', 'red_ml', -100, 'potion delivery'),
	(479, '2024-05-09 12:21:49.965391+00', 'green_ml', -100, 'potion delivery'),
	(480, '2024-05-09 12:21:49.965391+00', 'red_ml', -25, 'potion delivery'),
	(481, '2024-05-09 12:21:49.965391+00', 'green_ml', -50, 'potion delivery'),
	(482, '2024-05-09 12:21:49.965391+00', 'blue_ml', -25, 'potion delivery'),
	(483, '2024-05-09 12:38:26.406806+00', 'gold', 400, '172 checked out.'),
	(484, '2024-05-09 14:29:48.635016+00', 'gold', 100, '173 checked out.'),
	(485, '2024-05-09 14:29:48.80228+00', 'gold', 100, '174 checked out.'),
	(486, '2024-05-09 16:20:04.705579+00', 'red_ml', 1000, 'barrel delivery'),
	(487, '2024-05-09 16:20:04.705579+00', 'green_ml', 500, 'barrel delivery'),
	(488, '2024-05-09 16:20:04.705579+00', 'blue_ml', 500, 'barrel delivery'),
	(489, '2024-05-09 16:20:04.705579+00', 'red_ml', 200, 'barrel delivery'),
	(490, '2024-05-09 16:20:04.705579+00', 'green_ml', 200, 'barrel delivery'),
	(491, '2024-05-09 16:20:04.705579+00', 'blue_ml', 200, 'barrel delivery'),
	(492, '2024-05-09 16:20:04.705579+00', 'gold', -600, 'barrel delivery'),
	(493, '2024-05-09 16:20:06.091505+00', 'red_ml', -300, 'potion delivery'),
	(494, '2024-05-09 16:20:06.091505+00', 'green_ml', -100, 'potion delivery'),
	(495, '2024-05-09 16:20:06.091505+00', 'blue_ml', -100, 'potion delivery'),
	(496, '2024-05-09 16:20:06.091505+00', 'red_ml', -100, 'potion delivery'),
	(497, '2024-05-09 16:20:06.091505+00', 'blue_ml', -100, 'potion delivery'),
	(498, '2024-05-09 16:20:06.091505+00', 'green_ml', -50, 'potion delivery'),
	(499, '2024-05-09 16:20:06.091505+00', 'blue_ml', -50, 'potion delivery'),
	(500, '2024-05-09 16:20:06.091505+00', 'red_ml', -25, 'potion delivery'),
	(501, '2024-05-09 16:20:06.091505+00', 'green_ml', -25, 'potion delivery'),
	(502, '2024-05-09 16:20:06.091505+00', 'blue_ml', -50, 'potion delivery'),
	(503, '2024-05-09 16:20:06.091505+00', 'red_ml', -100, 'potion delivery'),
	(504, '2024-05-09 16:20:06.091505+00', 'green_ml', -100, 'potion delivery'),
	(505, '2024-05-09 16:20:06.091505+00', 'red_ml', -50, 'potion delivery'),
	(506, '2024-05-09 16:20:06.091505+00', 'green_ml', -25, 'potion delivery'),
	(507, '2024-05-09 16:20:06.091505+00', 'blue_ml', -25, 'potion delivery'),
	(508, '2024-05-09 16:36:20.619634+00', 'gold', 90, '178 checked out.'),
	(509, '2024-05-09 16:36:20.744546+00', 'gold', 50, '176 checked out.'),
	(510, '2024-05-09 16:36:20.758137+00', 'gold', 100, '177 checked out.'),
	(511, '2024-05-09 16:36:21.088875+00', 'gold', 200, '175 checked out.'),
	(513, '2024-05-09 18:26:20.838816+00', 'gold', 50, '180 checked out.'),
	(512, '2024-05-09 18:26:20.838557+00', 'gold', 120, '179 checked out.'),
	(514, '2024-05-09 20:20:34.830302+00', 'red_ml', 500, 'barrel delivery'),
	(515, '2024-05-09 20:20:34.830302+00', 'green_ml', 500, 'barrel delivery'),
	(516, '2024-05-09 20:20:34.830302+00', 'blue_ml', 500, 'barrel delivery'),
	(517, '2024-05-09 20:20:34.830302+00', 'red_ml', 200, 'barrel delivery'),
	(518, '2024-05-09 20:20:34.830302+00', 'green_ml', 200, 'barrel delivery'),
	(519, '2024-05-09 20:20:34.830302+00', 'blue_ml', 200, 'barrel delivery'),
	(520, '2024-05-09 20:20:34.830302+00', 'gold', -500, 'barrel delivery'),
	(521, '2024-05-09 20:20:36.339371+00', 'gold', -1000, NULL),
	(522, '2024-05-09 20:20:42.884626+00', 'red_ml', -300, 'potion delivery'),
	(523, '2024-05-09 20:20:42.884626+00', 'green_ml', -100, 'potion delivery'),
	(524, '2024-05-09 20:20:42.884626+00', 'blue_ml', -100, 'potion delivery'),
	(525, '2024-05-09 20:20:42.884626+00', 'red_ml', -100, 'potion delivery'),
	(526, '2024-05-09 20:20:42.884626+00', 'green_ml', -100, 'potion delivery'),
	(527, '2024-05-09 20:20:42.884626+00', 'green_ml', -100, 'potion delivery'),
	(528, '2024-05-09 20:20:42.884626+00', 'blue_ml', -100, 'potion delivery'),
	(529, '2024-05-09 20:20:42.884626+00', 'red_ml', -25, 'potion delivery'),
	(530, '2024-05-09 20:20:42.884626+00', 'green_ml', -50, 'potion delivery'),
	(531, '2024-05-09 20:20:42.884626+00', 'blue_ml', -25, 'potion delivery'),
	(532, '2024-05-09 20:20:42.884626+00', 'red_ml', -100, 'potion delivery'),
	(533, '2024-05-09 20:20:42.884626+00', 'blue_ml', -100, 'potion delivery'),
	(534, '2024-05-09 20:20:42.884626+00', 'red_ml', -25, 'potion delivery'),
	(535, '2024-05-09 20:20:42.884626+00', 'green_ml', -25, 'potion delivery'),
	(536, '2024-05-09 20:20:42.884626+00', 'blue_ml', -50, 'potion delivery'),
	(537, '2024-05-10 02:25:21.784438+00', 'gold', 50, '182 checked out.'),
	(538, '2024-05-10 02:25:21.931812+00', 'gold', 50, '181 checked out.'),
	(539, '2024-05-10 04:21:21.982068+00', 'red_ml', -50, 'potion delivery'),
	(540, '2024-05-10 04:21:21.982068+00', 'green_ml', -50, 'potion delivery'),
	(541, '2024-05-10 04:21:21.982068+00', 'red_ml', -50, 'potion delivery'),
	(542, '2024-05-10 04:21:21.982068+00', 'blue_ml', -50, 'potion delivery'),
	(543, '2024-05-10 04:39:29.978308+00', 'gold', 150, '183 checked out.'),
	(544, '2024-05-10 04:39:30.129699+00', 'gold', 50, '184 checked out.'),
	(545, '2024-05-10 04:39:31.519871+00', 'gold', 60, '185 checked out.'),
	(546, '2024-05-10 06:05:48.577589+00', 'red_ml', -100, 'potion delivery'),
	(547, '2024-05-10 06:05:48.577589+00', 'red_ml', -50, 'potion delivery'),
	(548, '2024-05-10 06:05:48.577589+00', 'blue_ml', -50, 'potion delivery'),
	(549, '2024-05-10 06:05:48.577589+00', 'green_ml', -50, 'potion delivery'),
	(550, '2024-05-10 06:05:48.577589+00', 'blue_ml', -50, 'potion delivery'),
	(551, '2024-05-10 06:05:48.577589+00', 'red_ml', -25, 'potion delivery'),
	(552, '2024-05-10 06:05:48.577589+00', 'green_ml', -25, 'potion delivery'),
	(553, '2024-05-10 06:05:48.577589+00', 'blue_ml', -50, 'potion delivery'),
	(554, '2024-05-10 06:05:48.577589+00', 'red_ml', -50, 'potion delivery'),
	(555, '2024-05-10 06:05:48.577589+00', 'green_ml', -50, 'potion delivery'),
	(556, '2024-05-10 06:10:07.890239+00', 'gold', 150, '186 checked out.'),
	(557, '2024-05-10 08:38:42.311722+00', 'gold', 50, '187 checked out.'),
	(558, '2024-05-10 10:28:42.06923+00', 'gold', 250, '188 checked out.'),
	(559, '2024-05-10 12:20:22.962667+00', 'red_ml', 200, 'barrel delivery'),
	(560, '2024-05-10 12:20:22.962667+00', 'blue_ml', 200, 'barrel delivery'),
	(561, '2024-05-10 12:20:22.962667+00', 'gold', -120, 'barrel delivery'),
	(562, '2024-05-10 12:20:22.966748+00', 'red_ml', -200, 'potion delivery'),
	(563, '2024-05-10 12:20:22.966748+00', 'green_ml', -100, 'potion delivery'),
	(564, '2024-05-10 12:20:22.966748+00', 'blue_ml', -100, 'potion delivery'),
	(565, '2024-05-10 12:20:22.966748+00', 'red_ml', -50, 'potion delivery'),
	(566, '2024-05-10 12:20:22.966748+00', 'green_ml', -50, 'potion delivery'),
	(567, '2024-05-10 12:20:22.966748+00', 'green_ml', -100, 'potion delivery'),
	(568, '2024-05-10 12:20:22.966748+00', 'blue_ml', -100, 'potion delivery'),
	(569, '2024-05-10 12:20:22.966748+00', 'red_ml', -25, 'potion delivery'),
	(570, '2024-05-10 12:20:22.966748+00', 'green_ml', -50, 'potion delivery'),
	(571, '2024-05-10 12:20:22.966748+00', 'blue_ml', -25, 'potion delivery'),
	(572, '2024-05-10 12:20:22.966748+00', 'red_ml', -50, 'potion delivery'),
	(573, '2024-05-10 12:20:22.966748+00', 'blue_ml', -50, 'potion delivery'),
	(574, '2024-05-10 12:37:42.901499+00', 'gold', 150, '190 checked out.'),
	(575, '2024-05-10 12:37:42.900777+00', 'gold', 400, '191 checked out.'),
	(576, '2024-05-10 12:37:42.897066+00', 'gold', 50, '189 checked out.'),
	(577, '2024-05-10 14:16:42.554304+00', 'red_ml', -300, 'potion delivery'),
	(578, '2024-05-10 14:16:42.554304+00', 'green_ml', -100, 'potion delivery'),
	(579, '2024-05-10 14:16:42.554304+00', 'blue_ml', -100, 'potion delivery'),
	(580, '2024-05-10 14:16:42.554304+00', 'red_ml', -100, 'potion delivery'),
	(581, '2024-05-10 14:16:42.554304+00', 'green_ml', -100, 'potion delivery'),
	(582, '2024-05-10 14:16:42.554304+00', 'red_ml', -100, 'potion delivery'),
	(583, '2024-05-10 14:16:42.554304+00', 'blue_ml', -100, 'potion delivery'),
	(584, '2024-05-10 14:16:42.554304+00', 'red_ml', -50, 'potion delivery'),
	(585, '2024-05-10 14:16:42.554304+00', 'green_ml', -25, 'potion delivery'),
	(586, '2024-05-10 14:16:42.554304+00', 'blue_ml', -25, 'potion delivery'),
	(587, '2024-05-10 14:16:42.554304+00', 'green_ml', -50, 'potion delivery'),
	(588, '2024-05-10 14:16:42.554304+00', 'blue_ml', -50, 'potion delivery'),
	(589, '2024-05-10 14:16:42.554304+00', 'red_ml', -25, 'potion delivery'),
	(590, '2024-05-10 14:16:42.554304+00', 'green_ml', -50, 'potion delivery'),
	(591, '2024-05-10 14:16:42.554304+00', 'blue_ml', -25, 'potion delivery'),
	(592, '2024-05-10 14:24:02.529458+00', 'gold', 60, '193 checked out.'),
	(593, '2024-05-10 14:24:02.55563+00', 'gold', 50, '192 checked out.'),
	(594, '2024-05-10 16:19:43.298346+00', 'red_ml', 500, 'barrel delivery'),
	(595, '2024-05-10 16:19:43.298346+00', 'green_ml', 500, 'barrel delivery'),
	(596, '2024-05-10 16:19:43.298346+00', 'blue_ml', 500, 'barrel delivery'),
	(597, '2024-05-10 16:19:43.298346+00', 'red_ml', 200, 'barrel delivery'),
	(598, '2024-05-10 16:19:43.298346+00', 'green_ml', 200, 'barrel delivery'),
	(599, '2024-05-10 16:19:43.298346+00', 'blue_ml', 200, 'barrel delivery'),
	(600, '2024-05-10 16:19:43.298346+00', 'gold', -500, 'barrel delivery'),
	(601, '2024-05-10 16:19:43.31569+00', 'red_ml', -50, 'potion delivery'),
	(602, '2024-05-10 16:19:43.31569+00', 'blue_ml', -50, 'potion delivery'),
	(603, '2024-05-10 16:19:43.31569+00', 'green_ml', -50, 'potion delivery'),
	(604, '2024-05-10 16:19:43.31569+00', 'blue_ml', -50, 'potion delivery'),
	(605, '2024-05-10 16:32:43.204498+00', 'gold', 60, '194 checked out.'),
	(606, '2024-05-10 18:11:03.212766+00', 'red_ml', -50, 'potion delivery'),
	(607, '2024-05-10 18:11:03.212766+00', 'green_ml', -50, 'potion delivery'),
	(608, '2024-05-10 20:23:43.925523+00', 'red_ml', 500, 'barrel delivery'),
	(609, '2024-05-10 20:23:43.925523+00', 'red_ml', 200, 'barrel delivery'),
	(610, '2024-05-10 20:23:43.925523+00', 'green_ml', 200, 'barrel delivery'),
	(611, '2024-05-10 20:23:43.925523+00', 'blue_ml', 200, 'barrel delivery'),
	(612, '2024-05-10 20:23:43.925523+00', 'gold', -280, 'barrel delivery'),
	(613, '2024-05-10 20:37:23.510629+00', 'gold', 50, '197 checked out.'),
	(614, '2024-05-10 20:37:23.644526+00', 'gold', 350, '195 checked out.'),
	(615, '2024-05-10 20:37:43.669911+00', 'gold', 150, '196 checked out.'),
	(616, '2024-05-10 22:16:26.791357+00', 'red_ml', -200, 'potion delivery'),
	(617, '2024-05-10 22:16:26.791357+00', 'green_ml', -100, 'potion delivery'),
	(618, '2024-05-10 22:16:26.791357+00', 'blue_ml', -100, 'potion delivery'),
	(619, '2024-05-10 22:16:26.791357+00', 'red_ml', -100, 'potion delivery'),
	(620, '2024-05-10 22:16:26.791357+00', 'green_ml', -100, 'potion delivery'),
	(621, '2024-05-10 22:16:26.791357+00', 'red_ml', -100, 'potion delivery'),
	(622, '2024-05-10 22:16:26.791357+00', 'blue_ml', -100, 'potion delivery'),
	(623, '2024-05-10 22:16:26.791357+00', 'red_ml', -50, 'potion delivery'),
	(624, '2024-05-10 22:16:26.791357+00', 'green_ml', -25, 'potion delivery'),
	(625, '2024-05-10 22:16:26.791357+00', 'blue_ml', -25, 'potion delivery'),
	(626, '2024-05-10 22:16:26.791357+00', 'green_ml', -50, 'potion delivery'),
	(627, '2024-05-10 22:16:26.791357+00', 'blue_ml', -50, 'potion delivery'),
	(628, '2024-05-10 22:16:26.791357+00', 'red_ml', -25, 'potion delivery'),
	(629, '2024-05-10 22:16:26.791357+00', 'green_ml', -25, 'potion delivery'),
	(630, '2024-05-10 22:16:26.791357+00', 'blue_ml', -50, 'potion delivery'),
	(631, '2024-05-10 22:25:06.889961+00', 'gold', 100, '199 checked out.'),
	(632, '2024-05-10 22:25:08.330778+00', 'gold', 200, '198 checked out.'),
	(633, '2024-05-10 22:25:08.337863+00', 'gold', 30, '200 checked out.'),
	(634, '2024-05-11 00:20:25.852393+00', 'red_ml', 2500, 'barrel delivery'),
	(635, '2024-05-11 00:20:25.852393+00', 'red_ml', 500, 'barrel delivery'),
	(636, '2024-05-11 00:20:25.852393+00', 'green_ml', 500, 'barrel delivery'),
	(637, '2024-05-11 00:20:25.852393+00', 'blue_ml', 500, 'barrel delivery'),
	(638, '2024-05-11 00:20:25.852393+00', 'red_ml', 200, 'barrel delivery'),
	(639, '2024-05-11 00:20:25.852393+00', 'green_ml', 200, 'barrel delivery'),
	(640, '2024-05-11 00:20:25.852393+00', 'blue_ml', 200, 'barrel delivery'),
	(641, '2024-05-11 00:20:25.852393+00', 'gold', -750, 'barrel delivery'),
	(642, '2024-05-11 00:20:27.350192+00', 'red_ml', -100, 'potion delivery'),
	(643, '2024-05-11 00:20:27.350192+00', 'blue_ml', -100, 'potion delivery'),
	(644, '2024-05-11 00:20:27.350192+00', 'red_ml', -50, 'potion delivery'),
	(645, '2024-05-11 00:20:27.350192+00', 'green_ml', -50, 'potion delivery'),
	(646, '2024-05-11 00:20:27.350192+00', 'red_ml', -100, 'potion delivery'),
	(647, '2024-05-11 00:20:27.350192+00', 'blue_ml', -100, 'potion delivery'),
	(648, '2024-05-11 00:20:27.350192+00', 'red_ml', -50, 'potion delivery'),
	(649, '2024-05-11 00:20:27.350192+00', 'green_ml', -25, 'potion delivery'),
	(650, '2024-05-11 00:20:27.350192+00', 'blue_ml', -25, 'potion delivery'),
	(651, '2024-05-11 00:20:27.350192+00', 'green_ml', -50, 'potion delivery'),
	(652, '2024-05-11 00:20:27.350192+00', 'blue_ml', -50, 'potion delivery'),
	(653, '2024-05-11 00:39:07.401052+00', 'gold', 30, '202 checked out.'),
	(654, '2024-05-11 00:39:07.399965+00', 'gold', 60, '201 checked out.'),
	(656, '2024-05-11 02:28:31.206411+00', 'gold', 150, '203 checked out.'),
	(655, '2024-05-11 02:28:31.206945+00', 'gold', 50, '205 checked out.'),
	(657, '2024-05-11 02:28:44.582712+00', 'gold', 60, '204 checked out.'),
	(658, '2024-05-11 02:28:45.934883+00', 'gold', 120, '206 checked out.'),
	(659, '2024-05-11 02:28:45.941777+00', 'gold', 100, '207 checked out.'),
	(660, '2024-05-11 02:28:47.323545+00', 'gold', 200, '208 checked out.'),
	(661, '2024-05-11 04:22:58.913373+00', 'red_ml', 2500, 'barrel delivery'),
	(662, '2024-05-11 04:22:58.913373+00', 'red_ml', 500, 'barrel delivery'),
	(663, '2024-05-11 04:22:58.913373+00', 'green_ml', 500, 'barrel delivery'),
	(664, '2024-05-11 04:22:58.913373+00', 'blue_ml', 500, 'barrel delivery'),
	(665, '2024-05-11 04:22:58.913373+00', 'red_ml', 200, 'barrel delivery'),
	(666, '2024-05-11 04:22:58.913373+00', 'green_ml', 200, 'barrel delivery'),
	(667, '2024-05-11 04:22:58.913373+00', 'blue_ml', 200, 'barrel delivery'),
	(668, '2024-05-11 04:22:58.913373+00', 'gold', -750, 'barrel delivery'),
	(669, '2024-05-11 08:21:10.868681+00', 'red_ml', 200, 'barrel delivery'),
	(670, '2024-05-11 08:21:10.868681+00', 'green_ml', 200, 'barrel delivery'),
	(671, '2024-05-11 08:21:10.868681+00', 'gold', -120, 'barrel delivery'),
	(672, '2024-05-11 08:40:31.07688+00', 'gold', 150, '209 checked out.'),
	(673, '2024-05-11 12:21:05.588493+00', 'red_ml', 200, 'barrel delivery'),
	(674, '2024-05-11 12:21:05.588493+00', 'green_ml', 200, 'barrel delivery'),
	(675, '2024-05-11 12:21:05.588493+00', 'blue_ml', 200, 'barrel delivery'),
	(676, '2024-05-11 12:21:05.588493+00', 'gold', -180, 'barrel delivery'),
	(677, '2024-05-11 18:10:09.27933+00', 'gold', 60, '210 checked out.'),
	(678, '2024-05-11 20:07:29.726675+00', 'blue_ml', 200, 'barrel delivery'),
	(679, '2024-05-11 20:07:29.726675+00', 'gold', -60, 'barrel delivery'),
	(680, '2024-05-12 04:26:26.878618+00', 'red_ml', -1500, 'potion delivery'),
	(681, '2024-05-12 04:26:26.878618+00', 'green_ml', -1000, 'potion delivery'),
	(682, '2024-05-12 06:15:08.341197+00', 'gold', 60, '212 checked out.'),
	(683, '2024-05-12 06:15:08.348883+00', 'gold', 180, '216 checked out.'),
	(684, '2024-05-12 06:15:08.349033+00', 'gold', 480, '213 checked out.'),
	(685, '2024-05-12 06:15:08.342347+00', 'gold', 150, '211 checked out.'),
	(686, '2024-05-12 06:15:08.487093+00', 'gold', 60, '214 checked out.'),
	(687, '2024-05-12 06:15:26.928099+00', 'gold', 120, '215 checked out.'),
	(688, '2024-05-12 08:26:48.131603+00', 'red_ml', 2500, 'barrel delivery'),
	(689, '2024-05-12 08:26:48.131603+00', 'red_ml', 1000, 'barrel delivery'),
	(690, '2024-05-12 08:26:48.131603+00', 'green_ml', 500, 'barrel delivery'),
	(691, '2024-05-12 08:26:48.131603+00', 'blue_ml', 500, 'barrel delivery'),
	(692, '2024-05-12 08:26:48.131603+00', 'red_ml', 200, 'barrel delivery'),
	(693, '2024-05-12 08:26:48.131603+00', 'green_ml', 200, 'barrel delivery'),
	(694, '2024-05-12 08:26:48.131603+00', 'blue_ml', 200, 'barrel delivery'),
	(695, '2024-05-12 08:26:48.133338+00', 'red_ml', -1500, 'potion delivery'),
	(696, '2024-05-12 08:26:48.133338+00', 'green_ml', -1000, 'potion delivery'),
	(697, '2024-05-12 08:26:48.131603+00', 'gold', -850, 'barrel delivery'),
	(698, '2024-05-12 10:42:48.723085+00', 'gold', 300, '220 checked out.'),
	(699, '2024-05-12 10:42:48.72231+00', 'gold', 210, '217 checked out.'),
	(701, '2024-05-12 10:42:48.72802+00', 'gold', 90, '221 checked out.'),
	(700, '2024-05-12 10:42:48.726662+00', 'gold', 300, '218 checked out.'),
	(702, '2024-05-12 10:42:48.890302+00', 'gold', 150, '219 checked out.'),
	(703, '2024-05-12 12:23:47.159603+00', 'red_ml', -1500, 'potion delivery'),
	(704, '2024-05-12 12:23:47.159603+00', 'green_ml', -1000, 'potion delivery'),
	(705, '2024-05-12 14:33:27.899237+00', 'gold', 150, '222 checked out.'),
	(706, '2024-05-12 14:33:27.913073+00', 'gold', 120, '224 checked out.'),
	(707, '2024-05-12 14:33:27.900905+00', 'gold', 180, '223 checked out.'),
	(708, '2024-05-12 16:19:13.212255+00', 'red_ml', -1500, 'potion delivery'),
	(709, '2024-05-12 18:36:40.307373+00', 'gold', 150, '225 checked out.'),
	(710, '2024-05-12 18:36:41.819535+00', 'gold', 120, '226 checked out.'),
	(711, '2024-05-12 18:36:44.300916+00', 'gold', 480, '227 checked out.'),
	(712, '2024-05-12 18:36:45.629639+00', 'gold', 50, '228 checked out.'),
	(713, '2024-05-12 18:36:46.973811+00', 'gold', 100, '229 checked out.'),
	(714, '2024-05-12 20:30:59.738776+00', 'red_ml', 1000, 'barrel delivery'),
	(715, '2024-05-12 20:30:59.738776+00', 'green_ml', 1500, 'barrel delivery'),
	(716, '2024-05-12 20:30:59.738776+00', 'blue_ml', 1000, 'barrel delivery'),
	(717, '2024-05-12 20:30:59.738776+00', 'red_ml', 200, 'barrel delivery'),
	(718, '2024-05-12 20:30:59.738776+00', 'green_ml', 200, 'barrel delivery'),
	(719, '2024-05-12 20:30:59.738776+00', 'blue_ml', 200, 'barrel delivery'),
	(720, '2024-05-12 20:30:59.738776+00', 'gold', -920, 'barrel delivery'),
	(721, '2024-05-12 20:31:03.081553+00', 'gold', -1000, NULL),
	(722, '2024-05-12 20:31:05.41635+00', 'red_ml', -1500, 'potion delivery'),
	(723, '2024-05-12 20:31:05.41635+00', 'green_ml', -500, 'potion delivery'),
	(724, '2024-05-12 22:16:54.637734+00', 'red_ml', -1500, 'potion delivery'),
	(725, '2024-05-12 22:16:54.637734+00', 'green_ml', -1000, 'potion delivery'),
	(726, '2024-05-12 22:16:54.637734+00', 'blue_ml', -1000, 'potion delivery'),
	(727, '2024-05-12 22:16:54.637734+00', 'red_ml', -300, 'potion delivery'),
	(728, '2024-05-12 22:16:54.637734+00', 'green_ml', -100, 'potion delivery'),
	(729, '2024-05-12 22:16:54.637734+00', 'blue_ml', -200, 'potion delivery'),
	(730, '2024-05-12 22:16:54.637734+00', 'red_ml', -200, 'potion delivery'),
	(731, '2024-05-12 22:16:54.637734+00', 'blue_ml', -200, 'potion delivery'),
	(732, '2024-05-12 22:16:54.637734+00', 'red_ml', -25, 'potion delivery'),
	(733, '2024-05-12 22:16:54.637734+00', 'green_ml', -25, 'potion delivery'),
	(734, '2024-05-12 22:16:54.637734+00', 'blue_ml', -50, 'potion delivery'),
	(735, '2024-05-12 22:16:54.637734+00', 'red_ml', -150, 'potion delivery'),
	(736, '2024-05-12 22:16:54.637734+00', 'green_ml', -150, 'potion delivery'),
	(737, '2024-05-12 22:16:54.637734+00', 'red_ml', -25, 'potion delivery'),
	(738, '2024-05-12 22:16:54.637734+00', 'green_ml', -50, 'potion delivery'),
	(739, '2024-05-12 22:16:54.637734+00', 'blue_ml', -25, 'potion delivery'),
	(740, '2024-05-12 22:26:54.42151+00', 'gold', 210, '230 checked out.'),
	(741, '2024-05-13 00:21:34.935116+00', 'red_ml', 2500, 'barrel delivery'),
	(742, '2024-05-13 00:21:34.935116+00', 'red_ml', 1000, 'barrel delivery'),
	(743, '2024-05-13 00:21:34.935116+00', 'green_ml', 500, 'barrel delivery'),
	(744, '2024-05-13 00:21:34.935116+00', 'blue_ml', 500, 'barrel delivery'),
	(745, '2024-05-13 00:21:34.935116+00', 'green_ml', 200, 'barrel delivery'),
	(746, '2024-05-13 00:21:34.935116+00', 'gold', -730, 'barrel delivery'),
	(747, '2024-05-13 00:21:36.267448+00', 'red_ml', -700, 'potion delivery'),
	(748, '2024-05-13 00:42:35.147402+00', 'gold', 200, '233 checked out.'),
	(749, '2024-05-13 00:42:35.174141+00', 'gold', 420, '232 checked out.'),
	(750, '2024-05-13 00:42:35.294351+00', 'gold', 150, '231 checked out.'),
	(751, '2024-05-13 02:57:25.339353+00', 'red_ml', -1400, 'potion delivery'),
	(752, '2024-05-13 03:23:35.407119+00', 'gold', 90, '238 checked out.'),
	(753, '2024-05-13 03:23:35.407635+00', 'gold', 90, '234 checked out.'),
	(754, '2024-05-13 03:23:35.407696+00', 'gold', 30, '235 checked out.'),
	(755, '2024-05-13 03:23:35.408222+00', 'gold', 90, '239 checked out.'),
	(756, '2024-05-13 03:23:35.567328+00', 'gold', 200, '240 checked out.'),
	(757, '2024-05-13 03:23:55.16339+00', 'gold', 350, '244 checked out.'),
	(758, '2024-05-13 03:23:55.167068+00', 'gold', 150, '242 checked out.'),
	(759, '2024-05-13 03:23:55.171695+00', 'gold', 210, '245 checked out.'),
	(760, '2024-05-13 03:23:55.173352+00', 'gold', 60, '241 checked out.'),
	(761, '2024-05-13 03:23:55.174413+00', 'gold', 90, '246 checked out.'),
	(762, '2024-05-13 03:23:55.321046+00', 'gold', 180, '237 checked out.'),
	(763, '2024-05-13 03:23:55.325776+00', 'gold', 210, '236 checked out.'),
	(764, '2024-05-13 03:23:55.326733+00', 'gold', 150, '243 checked out.'),
	(765, '2024-05-13 03:23:56.689652+00', 'gold', 50, '247 checked out.'),
	(766, '2024-05-13 04:27:15.858224+00', 'red_ml', 1500, 'barrel delivery'),
	(767, '2024-05-13 04:27:15.858224+00', 'green_ml', 1500, 'barrel delivery'),
	(768, '2024-05-13 04:27:15.858224+00', 'blue_ml', 1000, 'barrel delivery'),
	(769, '2024-05-13 04:27:15.858224+00', 'red_ml', 200, 'barrel delivery'),
	(770, '2024-05-13 04:27:15.858224+00', 'green_ml', 200, 'barrel delivery'),
	(771, '2024-05-13 04:27:15.858224+00', 'blue_ml', 200, 'barrel delivery'),
	(772, '2024-05-13 04:27:15.858224+00', 'gold', -1020, 'barrel delivery'),
	(773, '2024-05-13 04:27:17.176415+00', 'red_ml', -1500, 'potion delivery'),
	(774, '2024-05-13 04:27:17.176415+00', 'green_ml', -1000, 'potion delivery'),
	(775, '2024-05-13 04:27:17.176415+00', 'blue_ml', -1000, 'potion delivery'),
	(776, '2024-05-13 04:27:17.176415+00', 'red_ml', -400, 'potion delivery'),
	(777, '2024-05-13 04:27:17.176415+00', 'green_ml', -200, 'potion delivery'),
	(778, '2024-05-13 04:27:17.176415+00', 'blue_ml', -200, 'potion delivery'),
	(779, '2024-05-13 04:27:17.176415+00', 'red_ml', -200, 'potion delivery'),
	(780, '2024-05-13 04:27:17.176415+00', 'green_ml', -200, 'potion delivery'),
	(781, '2024-05-13 04:27:17.176415+00', 'red_ml', -25, 'potion delivery'),
	(782, '2024-05-13 04:27:17.176415+00', 'green_ml', -50, 'potion delivery'),
	(783, '2024-05-13 04:27:17.176415+00', 'blue_ml', -25, 'potion delivery'),
	(784, '2024-05-13 04:27:17.176415+00', 'red_ml', -200, 'potion delivery'),
	(785, '2024-05-13 04:27:17.176415+00', 'blue_ml', -200, 'potion delivery'),
	(786, '2024-05-13 04:27:17.176415+00', 'red_ml', -50, 'potion delivery'),
	(787, '2024-05-13 04:27:17.176415+00', 'green_ml', -50, 'potion delivery'),
	(788, '2024-05-13 04:27:17.176415+00', 'blue_ml', -100, 'potion delivery'),
	(789, '2024-05-13 05:04:15.159093+00', 'gold', 120, '249 checked out.'),
	(790, '2024-05-13 05:04:16.750798+00', 'gold', 60, '248 checked out.'),
	(791, '2024-05-13 05:04:16.755474+00', 'gold', 50, '251 checked out.'),
	(792, '2024-05-13 05:04:16.771467+00', 'gold', 50, '250 checked out.'),
	(793, '2024-05-13 05:04:16.76754+00', 'gold', 480, '253 checked out.'),
	(794, '2024-05-13 05:04:16.919273+00', 'gold', 120, '252 checked out.'),
	(795, '2024-05-13 05:04:16.956211+00', 'gold', 120, '254 checked out.'),
	(796, '2024-05-13 06:25:35.56961+00', 'red_ml', -1500, 'potion delivery'),
	(797, '2024-05-13 06:25:35.56961+00', 'green_ml', -900, 'potion delivery'),
	(798, '2024-05-13 06:56:35.848195+00', 'gold', 250, '256 checked out.'),
	(799, '2024-05-13 06:56:35.853449+00', 'gold', 250, '255 checked out.'),
	(800, '2024-05-13 06:56:36.009393+00', 'gold', 50, '258 checked out.'),
	(801, '2024-05-13 06:56:37.447728+00', 'gold', 90, '260 checked out.'),
	(802, '2024-05-13 06:56:37.57127+00', 'gold', 240, '259 checked out.'),
	(803, '2024-05-13 06:56:37.602561+00', 'gold', 100, '257 checked out.'),
	(804, '2024-05-13 06:56:37.604292+00', 'gold', 200, '263 checked out.'),
	(805, '2024-05-13 06:56:54.992888+00', 'gold', 150, '264 checked out.'),
	(806, '2024-05-13 06:56:56.425774+00', 'gold', 90, '262 checked out.'),
	(807, '2024-05-13 06:56:56.439792+00', 'gold', 120, '265 checked out.'),
	(808, '2024-05-13 06:56:56.437542+00', 'gold', 60, '266 checked out.'),
	(809, '2024-05-13 06:56:56.442595+00', 'gold', 360, '261 checked out.'),
	(810, '2024-05-13 06:56:56.442305+00', 'gold', 180, '267 checked out.'),
	(811, '2024-05-13 08:36:16.367178+00', 'red_ml', 2500, 'barrel delivery'),
	(812, '2024-05-13 08:36:16.367178+00', 'red_ml', 2000, 'barrel delivery'),
	(813, '2024-05-13 08:36:16.367178+00', 'green_ml', 1000, 'barrel delivery'),
	(814, '2024-05-13 08:36:16.367178+00', 'blue_ml', 1500, 'barrel delivery'),
	(815, '2024-05-13 08:36:16.367178+00', 'red_ml', 200, 'barrel delivery'),
	(816, '2024-05-13 08:36:16.367178+00', 'green_ml', 200, 'barrel delivery'),
	(817, '2024-05-13 08:36:16.367178+00', 'blue_ml', 200, 'barrel delivery'),
	(818, '2024-05-13 08:36:16.367178+00', 'gold', -1390, 'barrel delivery'),
	(819, '2024-05-13 08:36:16.43105+00', 'red_ml', -1500, 'potion delivery'),
	(820, '2024-05-13 08:36:16.43105+00', 'green_ml', -1000, 'potion delivery'),
	(821, '2024-05-13 08:36:16.43105+00', 'blue_ml', -1000, 'potion delivery'),
	(822, '2024-05-13 08:36:16.43105+00', 'red_ml', -300, 'potion delivery'),
	(823, '2024-05-13 08:36:16.43105+00', 'green_ml', -100, 'potion delivery'),
	(824, '2024-05-13 08:36:16.43105+00', 'blue_ml', -100, 'potion delivery'),
	(825, '2024-05-13 08:36:16.43105+00', 'red_ml', -150, 'potion delivery'),
	(826, '2024-05-13 08:36:16.43105+00', 'green_ml', -150, 'potion delivery'),
	(827, '2024-05-13 08:36:16.43105+00', 'red_ml', -150, 'potion delivery'),
	(828, '2024-05-13 08:36:16.43105+00', 'blue_ml', -150, 'potion delivery'),
	(829, '2024-05-13 08:36:16.43105+00', 'red_ml', -25, 'potion delivery'),
	(830, '2024-05-13 08:36:16.43105+00', 'green_ml', -25, 'potion delivery'),
	(831, '2024-05-13 08:36:16.43105+00', 'blue_ml', -50, 'potion delivery'),
	(832, '2024-05-13 08:36:16.43105+00', 'red_ml', -25, 'potion delivery'),
	(833, '2024-05-13 08:36:16.43105+00', 'green_ml', -50, 'potion delivery'),
	(834, '2024-05-13 08:36:16.43105+00', 'blue_ml', -25, 'potion delivery'),
	(835, '2024-05-13 09:22:15.972534+00', 'gold', 240, '273 checked out.'),
	(836, '2024-05-13 09:22:16.08649+00', 'gold', 150, '275 checked out.'),
	(837, '2024-05-13 09:22:17.562465+00', 'gold', 150, '272 checked out.'),
	(838, '2024-05-13 09:22:17.560307+00', 'gold', 60, '268 checked out.'),
	(839, '2024-05-13 09:22:17.572112+00', 'gold', 30, '274 checked out.'),
	(840, '2024-05-13 09:22:17.56854+00', 'gold', 300, '269 checked out.'),
	(841, '2024-05-13 09:22:17.701032+00', 'gold', 50, '276 checked out.'),
	(842, '2024-05-13 09:22:36.114033+00', 'gold', 150, '270 checked out.'),
	(843, '2024-05-13 09:22:36.253549+00', 'gold', 60, '271 checked out.'),
	(844, '2024-05-13 10:48:14.043615+00', 'red_ml', -1500, 'potion delivery'),
	(845, '2024-05-13 10:48:14.043615+00', 'green_ml', -1000, 'potion delivery'),
	(846, '2024-05-13 10:48:14.043615+00', 'blue_ml', -300, 'potion delivery'),
	(847, '2024-05-13 11:33:30.758614+00', 'gold', 150, '277 checked out.'),
	(848, '2024-05-13 11:33:34.119202+00', 'gold', 210, '278 checked out.'),
	(849, '2024-05-13 11:33:36.474713+00', 'gold', 120, '279 checked out.'),
	(850, '2024-05-13 11:33:40.698783+00', 'gold', 480, '280 checked out.'),
	(851, '2024-05-13 11:33:43.031727+00', 'gold', 120, '281 checked out.'),
	(852, '2024-05-13 11:33:46.354374+00', 'gold', 60, '282 checked out.'),
	(853, '2024-05-13 11:33:49.842545+00', 'gold', 200, '283 checked out.'),
	(854, '2024-05-13 11:33:52.234772+00', 'gold', 90, '284 checked out.'),
	(855, '2024-05-13 11:33:55.590677+00', 'gold', 120, '285 checked out.'),
	(856, '2024-05-13 11:33:58.920965+00', 'gold', 150, '286 checked out.'),
	(857, '2024-05-13 11:34:02.250576+00', 'gold', 200, '287 checked out.'),
	(858, '2024-05-13 12:59:04.880781+00', 'red_ml', 2000, 'barrel delivery'),
	(859, '2024-05-13 12:59:04.880781+00', 'green_ml', 1000, 'barrel delivery'),
	(860, '2024-05-13 12:59:04.880781+00', 'blue_ml', 2500, 'barrel delivery'),
	(861, '2024-05-13 12:59:04.880781+00', 'blue_ml', 1500, 'barrel delivery'),
	(862, '2024-05-13 12:59:04.880781+00', 'red_ml', 200, 'barrel delivery'),
	(863, '2024-05-13 12:59:04.880781+00', 'green_ml', 200, 'barrel delivery'),
	(864, '2024-05-13 12:59:04.880781+00', 'blue_ml', 200, 'barrel delivery'),
	(865, '2024-05-13 12:59:04.880781+00', 'gold', -1440, 'barrel delivery'),
	(866, '2024-05-13 14:15:25.379323+00', 'gold', 50, '291 checked out.'),
	(867, '2024-05-13 14:15:28.441529+00', 'gold', 150, '288 checked out.'),
	(868, '2024-05-13 14:15:31.939058+00', 'gold', 360, '290 checked out.'),
	(869, '2024-05-13 14:15:34.299145+00', 'gold', 90, '289 checked out.'),
	(870, '2024-05-13 14:15:37.70522+00', 'gold', 240, '292 checked out.'),
	(871, '2024-05-13 14:15:41.22618+00', 'gold', 210, '293 checked out.'),
	(872, '2024-05-13 14:15:44.930411+00', 'gold', 50, '294 checked out.'),
	(873, '2024-05-13 15:18:27.424904+00', 'red_ml', -1500, 'potion delivery'),
	(874, '2024-05-13 15:18:27.424904+00', 'green_ml', -1000, 'potion delivery'),
	(875, '2024-05-13 15:18:27.424904+00', 'blue_ml', -1000, 'potion delivery'),
	(876, '2024-05-13 15:18:27.424904+00', 'red_ml', -800, 'potion delivery'),
	(877, '2024-05-13 15:18:27.424904+00', 'green_ml', -400, 'potion delivery'),
	(878, '2024-05-13 15:18:27.424904+00', 'blue_ml', -400, 'potion delivery'),
	(879, '2024-05-13 15:18:27.424904+00', 'red_ml', -350, 'potion delivery'),
	(880, '2024-05-13 15:18:27.424904+00', 'blue_ml', -350, 'potion delivery'),
	(881, '2024-05-13 15:18:27.424904+00', 'red_ml', -75, 'potion delivery'),
	(882, '2024-05-13 15:18:27.424904+00', 'green_ml', -75, 'potion delivery'),
	(883, '2024-05-13 15:18:27.424904+00', 'blue_ml', -150, 'potion delivery'),
	(884, '2024-05-13 15:18:27.424904+00', 'red_ml', -300, 'potion delivery'),
	(885, '2024-05-13 15:18:27.424904+00', 'green_ml', -300, 'potion delivery'),
	(886, '2024-05-13 15:18:27.424904+00', 'red_ml', -75, 'potion delivery'),
	(887, '2024-05-13 15:18:27.424904+00', 'green_ml', -150, 'potion delivery'),
	(888, '2024-05-13 15:18:27.424904+00', 'blue_ml', -75, 'potion delivery'),
	(889, '2024-05-13 15:47:47.735487+00', 'gold', 100, '295 checked out.'),
	(890, '2024-05-13 15:47:48.432149+00', 'gold', 150, '296 checked out.'),
	(891, '2024-05-13 16:10:48.489689+00', 'red_ml', 1500, 'barrel delivery'),
	(892, '2024-05-13 16:10:48.489689+00', 'green_ml', 1000, 'barrel delivery'),
	(893, '2024-05-13 16:10:48.489689+00', 'blue_ml', 2500, 'barrel delivery'),
	(894, '2024-05-13 16:10:48.489689+00', 'blue_ml', 1500, 'barrel delivery'),
	(895, '2024-05-13 16:10:48.489689+00', 'red_ml', 200, 'barrel delivery'),
	(896, '2024-05-13 16:10:48.489689+00', 'green_ml', 200, 'barrel delivery'),
	(897, '2024-05-13 16:10:48.489689+00', 'blue_ml', 200, 'barrel delivery'),
	(898, '2024-05-13 16:10:48.499941+00', 'red_ml', -500, 'potion delivery'),
	(899, '2024-05-13 16:10:48.489689+00', 'gold', -1340, 'barrel delivery'),
	(900, '2024-05-13 16:44:09.745358+00', 'gold', 60, '297 checked out.'),
	(901, '2024-05-13 16:44:09.870721+00', 'gold', 60, '301 checked out.'),
	(902, '2024-05-13 16:44:18.543996+00', 'gold', 180, '305 checked out.'),
	(903, '2024-05-13 16:44:18.546408+00', 'gold', 300, '299 checked out.'),
	(904, '2024-05-13 16:44:18.54176+00', 'gold', 150, '302 checked out.'),
	(905, '2024-05-13 16:44:18.541086+00', 'gold', 210, '303 checked out.'),
	(906, '2024-05-13 16:44:18.536388+00', 'gold', 250, '300 checked out.'),
	(907, '2024-05-13 16:44:18.785487+00', 'gold', 150, '304 checked out.'),
	(908, '2024-05-13 16:44:18.813475+00', 'gold', 120, '298 checked out.'),
	(909, '2024-05-13 18:13:08.115079+00', 'red_ml', -1500, 'potion delivery'),
	(910, '2024-05-13 18:13:08.115079+00', 'green_ml', -1000, 'potion delivery'),
	(911, '2024-05-13 18:13:08.115079+00', 'blue_ml', -1000, 'potion delivery'),
	(912, '2024-05-13 18:13:08.115079+00', 'red_ml', -50, 'potion delivery'),
	(913, '2024-05-13 18:13:08.115079+00', 'blue_ml', -50, 'potion delivery'),
	(914, '2024-05-13 18:13:08.115079+00', 'red_ml', -25, 'potion delivery'),
	(915, '2024-05-13 18:13:08.115079+00', 'green_ml', -25, 'potion delivery'),
	(916, '2024-05-13 18:13:08.115079+00', 'blue_ml', -50, 'potion delivery'),
	(917, '2024-05-13 18:13:08.115079+00', 'red_ml', -50, 'potion delivery'),
	(918, '2024-05-13 18:13:08.115079+00', 'green_ml', -50, 'potion delivery'),
	(919, '2024-05-13 18:19:48.480779+00', 'gold', 100, '307 checked out.'),
	(920, '2024-05-13 18:20:28.411584+00', 'gold', 150, '306 checked out.'),
	(921, '2024-05-13 22:10:46.163974+00', 'red_ml', -700, 'potion delivery'),
	(922, '2024-05-14 00:17:45.793324+00', 'red_ml', 2000, 'barrel delivery'),
	(923, '2024-05-14 00:17:45.793324+00', 'green_ml', 1500, 'barrel delivery'),
	(924, '2024-05-14 00:17:45.793324+00', 'blue_ml', 1000, 'barrel delivery'),
	(925, '2024-05-14 00:17:45.793324+00', 'red_ml', 200, 'barrel delivery'),
	(926, '2024-05-14 00:17:45.793324+00', 'green_ml', 200, 'barrel delivery'),
	(927, '2024-05-14 00:17:45.793324+00', 'blue_ml', 200, 'barrel delivery'),
	(928, '2024-05-14 00:17:45.793324+00', 'gold', -1120, 'barrel delivery'),
	(934, '2024-05-14 02:33:03.834541+00', 'gold', 280, '308 checked out.'),
	(935, '2024-05-14 02:33:07.252533+00', 'gold', 210, '309 checked out.'),
	(936, '2024-05-14 02:33:50.511432+00', 'gold', 490, '310 checked out.'),
	(937, '2024-05-14 02:33:55.042221+00', 'gold', 70, '311 checked out.'),
	(938, '2024-05-14 02:33:57.396859+00', 'gold', 490, '312 checked out.'),
	(939, '2024-05-14 02:34:01.740892+00', 'gold', 350, '313 checked out.'),
	(940, '2024-05-14 02:34:05.078519+00', 'gold', 350, '314 checked out.'),
	(941, '2024-05-14 02:34:08.419092+00', 'gold', 210, '315 checked out.'),
	(942, '2024-05-14 02:34:11.76819+00', 'gold', 210, '316 checked out.'),
	(943, '2024-05-14 04:43:07.599748+00', 'red_ml', -1500, 'potion delivery'),
	(944, '2024-05-14 04:43:07.599748+00', 'green_ml', -1000, 'potion delivery'),
	(945, '2024-05-14 04:43:07.599748+00', 'blue_ml', -1000, 'potion delivery'),
	(946, '2024-05-14 04:43:07.599748+00', 'red_ml', -50, 'potion delivery'),
	(947, '2024-05-14 04:43:07.599748+00', 'green_ml', -50, 'potion delivery'),
	(948, '2024-05-14 04:43:07.599748+00', 'red_ml', -25, 'potion delivery'),
	(949, '2024-05-14 04:43:07.599748+00', 'green_ml', -50, 'potion delivery'),
	(950, '2024-05-14 04:43:07.599748+00', 'blue_ml', -25, 'potion delivery'),
	(951, '2024-05-14 04:43:07.599748+00', 'red_ml', -50, 'potion delivery'),
	(952, '2024-05-14 04:43:07.599748+00', 'blue_ml', -50, 'potion delivery'),
	(953, '2024-05-14 04:48:08.391232+00', 'gold', 350, '321 checked out.'),
	(954, '2024-05-14 04:48:08.521546+00', 'gold', 350, '319 checked out.'),
	(955, '2024-05-14 04:48:08.68096+00', 'gold', 350, '320 checked out.'),
	(956, '2024-05-14 04:48:08.682968+00', 'gold', 490, '317 checked out.'),
	(957, '2024-05-14 04:48:08.862659+00', 'gold', 560, '318 checked out.'),
	(959, '2024-05-14 06:23:47.278984+00', 'gold', 350, '325 checked out.'),
	(960, '2024-05-14 06:23:47.278272+00', 'gold', 420, '328 checked out.'),
	(958, '2024-05-14 06:23:47.279375+00', 'gold', 280, '329 checked out.'),
	(962, '2024-05-14 06:23:47.278999+00', 'gold', 490, '322 checked out.'),
	(961, '2024-05-14 06:23:47.27953+00', 'gold', 420, '323 checked out.'),
	(963, '2024-05-14 06:23:47.563913+00', 'gold', 210, '324 checked out.'),
	(964, '2024-05-14 06:23:47.564116+00', 'gold', 140, '327 checked out.'),
	(965, '2024-05-14 06:23:47.566586+00', 'gold', 210, '326 checked out.'),
	(966, '2024-05-14 08:14:05.987269+00', 'red_ml', 200, 'barrel delivery'),
	(967, '2024-05-14 08:14:05.987269+00', 'green_ml', 200, 'barrel delivery'),
	(968, '2024-05-14 08:14:05.987269+00', 'blue_ml', 200, 'barrel delivery'),
	(969, '2024-05-14 08:14:05.987269+00', 'gold', -180, 'barrel delivery'),
	(970, '2024-05-14 08:25:46.43486+00', 'gold', 140, '331 checked out.'),
	(971, '2024-05-14 08:25:46.443296+00', 'gold', 70, '330 checked out.'),
	(972, '2024-05-14 08:25:46.581364+00', 'gold', 210, '332 checked out.'),
	(973, '2024-05-14 10:22:26.196427+00', 'gold', 70, '333 checked out.'),
	(974, '2024-05-14 10:22:26.359296+00', 'gold', 140, '334 checked out.'),
	(975, '2024-05-14 12:14:47.693891+00', 'red_ml', 200, 'barrel delivery'),
	(976, '2024-05-14 12:14:47.693891+00', 'green_ml', 200, 'barrel delivery'),
	(977, '2024-05-14 12:14:47.693891+00', 'gold', -120, 'barrel delivery'),
	(978, '2024-05-14 12:22:46.19223+00', 'gold', 140, '335 checked out.'),
	(979, '2024-05-14 14:42:26.849688+00', 'gold', 70, '336 checked out.'),
	(980, '2024-05-14 20:14:48.092478+00', 'red_ml', 1000, 'barrel delivery'),
	(981, '2024-05-14 20:14:48.092478+00', 'green_ml', 1000, 'barrel delivery'),
	(982, '2024-05-14 20:14:48.092478+00', 'blue_ml', 500, 'barrel delivery'),
	(983, '2024-05-14 20:14:48.092478+00', 'red_ml', 200, 'barrel delivery'),
	(984, '2024-05-14 20:14:48.092478+00', 'green_ml', 200, 'barrel delivery'),
	(985, '2024-05-14 20:14:48.092478+00', 'blue_ml', 200, 'barrel delivery'),
	(986, '2024-05-14 20:14:48.092478+00', 'gold', -700, 'barrel delivery'),
	(987, '2024-05-14 22:23:06.963946+00', 'red_ml', -1500, 'potion delivery'),
	(988, '2024-05-14 22:23:06.963946+00', 'green_ml', -1000, 'potion delivery'),
	(989, '2024-05-14 22:23:06.963946+00', 'blue_ml', -1000, 'potion delivery'),
	(990, '2024-05-14 22:23:06.963946+00', 'red_ml', -1000, 'potion delivery'),
	(991, '2024-05-14 22:23:06.963946+00', 'green_ml', -400, 'potion delivery'),
	(992, '2024-05-14 22:23:06.963946+00', 'blue_ml', -500, 'potion delivery'),
	(993, '2024-05-14 22:23:06.963946+00', 'red_ml', -400, 'potion delivery'),
	(994, '2024-05-14 22:23:06.963946+00', 'blue_ml', -400, 'potion delivery'),
	(995, '2024-05-14 22:23:06.963946+00', 'red_ml', -100, 'potion delivery'),
	(996, '2024-05-14 22:23:06.963946+00', 'green_ml', -100, 'potion delivery'),
	(997, '2024-05-14 22:23:06.963946+00', 'blue_ml', -200, 'potion delivery'),
	(998, '2024-05-14 22:23:06.963946+00', 'red_ml', -400, 'potion delivery'),
	(999, '2024-05-14 22:23:06.963946+00', 'green_ml', -400, 'potion delivery'),
	(1000, '2024-05-14 22:23:06.963946+00', 'red_ml', -100, 'potion delivery'),
	(1001, '2024-05-14 22:23:06.963946+00', 'green_ml', -200, 'potion delivery'),
	(1002, '2024-05-14 22:23:06.963946+00', 'blue_ml', -100, 'potion delivery'),
	(1003, '2024-05-15 00:14:08.738526+00', 'red_ml', 1500, 'barrel delivery'),
	(1004, '2024-05-15 00:14:08.738526+00', 'green_ml', 1500, 'barrel delivery'),
	(1005, '2024-05-15 00:14:08.738526+00', 'blue_ml', 2500, 'barrel delivery'),
	(1006, '2024-05-15 00:14:08.738526+00', 'red_ml', 200, 'barrel delivery'),
	(1007, '2024-05-15 00:14:08.738526+00', 'green_ml', 200, 'barrel delivery'),
	(1008, '2024-05-15 00:14:08.738526+00', 'blue_ml', 200, 'barrel delivery'),
	(1009, '2024-05-15 00:14:08.738526+00', 'gold', -1380, 'barrel delivery'),
	(1010, '2024-05-15 00:19:48.41046+00', 'gold', 160, '337 checked out.'),
	(1011, '2024-05-15 02:25:08.030884+00', 'red_ml', -400, 'potion delivery'),
	(1012, '2024-05-15 04:13:28.378862+00', 'red_ml', 500, 'barrel delivery'),
	(1013, '2024-05-15 04:13:28.378862+00', 'green_ml', 1000, 'barrel delivery'),
	(1014, '2024-05-15 04:13:28.378862+00', 'blue_ml', 500, 'barrel delivery'),
	(1015, '2024-05-15 04:13:28.378862+00', 'red_ml', 200, 'barrel delivery'),
	(1016, '2024-05-15 04:13:28.378862+00', 'green_ml', 200, 'barrel delivery'),
	(1017, '2024-05-15 04:13:28.378862+00', 'blue_ml', 200, 'barrel delivery'),
	(1018, '2024-05-15 04:13:28.378862+00', 'gold', -600, 'barrel delivery'),
	(1019, '2024-05-15 04:20:09.390212+00', 'gold', 50, '345 checked out.'),
	(1020, '2024-05-15 04:20:09.392854+00', 'gold', 100, '339 checked out.'),
	(1021, '2024-05-15 04:20:09.398806+00', 'gold', 150, '341 checked out.'),
	(1022, '2024-05-15 04:20:09.411321+00', 'gold', 200, '340 checked out.'),
	(1023, '2024-05-15 04:20:09.423585+00', 'gold', 250, '342 checked out.'),
	(1024, '2024-05-15 04:20:09.568007+00', 'gold', 250, '343 checked out.'),
	(1025, '2024-05-15 04:20:09.573076+00', 'gold', 50, '344 checked out.'),
	(1026, '2024-05-15 04:20:09.580001+00', 'gold', 250, '338 checked out.'),
	(1027, '2024-05-15 06:14:29.933541+00', 'red_ml', -1500, 'potion delivery'),
	(1028, '2024-05-15 06:14:29.933541+00', 'green_ml', -1000, 'potion delivery'),
	(1029, '2024-05-15 06:14:29.933541+00', 'blue_ml', -100, 'potion delivery'),
	(1030, '2024-05-15 06:25:08.287305+00', 'gold', 80, '349 checked out.'),
	(1031, '2024-05-15 06:25:08.280273+00', 'gold', 40, '347 checked out.'),
	(1032, '2024-05-15 06:25:08.293486+00', 'gold', 280, '346 checked out.'),
	(1033, '2024-05-15 06:25:08.289543+00', 'gold', 80, '351 checked out.'),
	(1034, '2024-05-15 06:25:08.281926+00', 'gold', 50, '348 checked out.'),
	(1035, '2024-05-15 06:25:27.959667+00', 'gold', 80, '350 checked out.'),
	(1036, '2024-05-15 10:32:47.766974+00', 'red_ml', -1400, 'potion delivery'),
	(1037, '2024-05-15 10:32:47.766974+00', 'green_ml', -100, 'potion delivery'),
	(1038, '2024-05-15 10:33:47.64232+00', 'gold', 150, '353 checked out.'),
	(1039, '2024-05-15 10:33:47.667354+00', 'gold', 100, '355 checked out.'),
	(1040, '2024-05-15 10:33:47.659999+00', 'gold', 400, '352 checked out.'),
	(1041, '2024-05-15 10:33:47.660964+00', 'gold', 300, '356 checked out.'),
	(1042, '2024-05-15 10:33:47.839424+00', 'gold', 50, '354 checked out.'),
	(1043, '2024-05-15 12:13:49.691839+00', 'red_ml', 1500, 'barrel delivery'),
	(1044, '2024-05-15 12:13:49.691839+00', 'green_ml', 500, 'barrel delivery'),
	(1045, '2024-05-15 12:13:49.691839+00', 'blue_ml', 1000, 'barrel delivery'),
	(1046, '2024-05-15 12:13:49.691839+00', 'red_ml', 200, 'barrel delivery'),
	(1047, '2024-05-15 12:13:49.691839+00', 'green_ml', 200, 'barrel delivery'),
	(1048, '2024-05-15 12:13:49.691839+00', 'blue_ml', 200, 'barrel delivery'),
	(1049, '2024-05-15 12:13:49.691839+00', 'gold', -820, 'barrel delivery'),
	(1050, '2024-05-15 12:13:49.696741+00', 'green_ml', -1000, 'potion delivery'),
	(1051, '2024-05-15 12:13:49.696741+00', 'blue_ml', -900, 'potion delivery'),
	(1052, '2024-05-15 12:24:48.530952+00', 'gold', 40, '357 checked out.'),
	(1053, '2024-05-15 12:24:48.525557+00', 'gold', 180, '358 checked out.'),
	(1054, '2024-05-15 14:11:52.97588+00', 'red_ml', -400, 'potion delivery'),
	(1055, '2024-05-15 14:20:30.567767+00', 'gold', 120, '361 checked out.'),
	(1056, '2024-05-15 14:20:30.575299+00', 'gold', 400, '363 checked out.'),
	(1057, '2024-05-15 14:20:30.576596+00', 'gold', 40, '362 checked out.'),
	(1058, '2024-05-15 14:20:30.56799+00', 'gold', 400, '360 checked out.'),
	(1059, '2024-05-15 14:20:30.598046+00', 'gold', 50, '359 checked out.'),
	(1060, '2024-05-15 16:26:09.388056+00', 'red_ml', 1000, 'barrel delivery'),
	(1061, '2024-05-15 16:26:09.388056+00', 'green_ml', 500, 'barrel delivery'),
	(1062, '2024-05-15 16:26:09.388056+00', 'blue_ml', 500, 'barrel delivery'),
	(1063, '2024-05-15 16:26:09.388056+00', 'red_ml', 200, 'barrel delivery'),
	(1064, '2024-05-15 16:26:09.388056+00', 'green_ml', 200, 'barrel delivery'),
	(1065, '2024-05-15 16:26:09.388056+00', 'blue_ml', 200, 'barrel delivery'),
	(1066, '2024-05-15 16:26:09.388958+00', 'red_ml', -1300, 'potion delivery'),
	(1067, '2024-05-15 16:26:09.388958+00', 'green_ml', -800, 'potion delivery'),
	(1068, '2024-05-15 16:26:09.388056+00', 'gold', -600, 'barrel delivery'),
	(1069, '2024-05-15 16:27:49.385207+00', 'gold', 40, '364 checked out.'),
	(1070, '2024-05-15 16:27:49.388549+00', 'gold', 200, '366 checked out.'),
	(1071, '2024-05-15 16:27:49.400773+00', 'gold', 50, '365 checked out.'),
	(1072, '2024-05-15 16:27:49.397449+00', 'gold', 160, '367 checked out.'),
	(1073, '2024-05-15 18:15:09.483677+00', 'red_ml', -1100, 'potion delivery'),
	(1074, '2024-05-15 20:14:51.151564+00', 'red_ml', 1000, 'barrel delivery'),
	(1075, '2024-05-15 20:14:51.151564+00', 'green_ml', 500, 'barrel delivery'),
	(1076, '2024-05-15 20:14:51.151564+00', 'blue_ml', 1000, 'barrel delivery'),
	(1077, '2024-05-15 20:14:51.151564+00', 'red_ml', 200, 'barrel delivery'),
	(1078, '2024-05-15 20:14:51.151564+00', 'green_ml', 200, 'barrel delivery'),
	(1079, '2024-05-15 20:14:51.151564+00', 'blue_ml', 200, 'barrel delivery'),
	(1080, '2024-05-15 20:14:51.151564+00', 'gold', -720, 'barrel delivery'),
	(1081, '2024-05-15 22:24:30.178817+00', 'gold', 250, '368 checked out.'),
	(1082, '2024-05-16 00:03:10.532664+00', 'red_ml', -500, 'potion delivery'),
	(1083, '2024-05-16 00:03:10.694095+00', 'blue_ml', 500, 'barrel delivery'),
	(1084, '2024-05-16 00:03:10.694095+00', 'red_ml', 200, 'barrel delivery'),
	(1085, '2024-05-16 00:03:10.694095+00', 'green_ml', 200, 'barrel delivery'),
	(1086, '2024-05-16 00:03:10.694095+00', 'blue_ml', 200, 'barrel delivery'),
	(1087, '2024-05-16 00:03:10.694095+00', 'gold', -300, 'barrel delivery'),
	(1088, '2024-05-16 00:05:50.58086+00', 'gold', 240, '369 checked out.'),
	(1089, '2024-05-16 02:13:11.413686+00', 'red_ml', -600, 'potion delivery'),
	(1090, '2024-05-16 02:20:32.613503+00', 'gold', 280, '370 checked out.'),
	(1091, '2024-05-16 04:26:31.306122+00', 'red_ml', 500, 'barrel delivery'),
	(1092, '2024-05-16 04:26:31.306122+00', 'red_ml', 200, 'barrel delivery'),
	(1093, '2024-05-16 04:26:31.306122+00', 'green_ml', 200, 'barrel delivery'),
	(1094, '2024-05-16 04:26:31.306122+00', 'blue_ml', 200, 'barrel delivery'),
	(1095, '2024-05-16 04:26:31.31536+00', 'red_ml', -400, 'potion delivery'),
	(1096, '2024-05-16 04:26:31.31536+00', 'green_ml', -300, 'potion delivery'),
	(1097, '2024-05-16 04:26:31.306122+00', 'gold', -280, 'barrel delivery'),
	(1098, '2024-05-16 04:29:32.190255+00', 'gold', 40, '372 checked out.'),
	(1099, '2024-05-16 04:29:32.201013+00', 'gold', 80, '371 checked out.'),
	(1100, '2024-05-16 04:29:32.202266+00', 'gold', 100, '376 checked out.'),
	(1101, '2024-05-16 04:29:32.205197+00', 'gold', 200, '374 checked out.'),
	(1102, '2024-05-16 04:29:32.203288+00', 'gold', 80, '373 checked out.'),
	(1103, '2024-05-16 04:29:32.337054+00', 'gold', 350, '375 checked out.'),
	(1104, '2024-05-16 06:13:51.715465+00', 'red_ml', -700, 'potion delivery'),
	(1105, '2024-05-16 06:13:51.715465+00', 'green_ml', -1000, 'potion delivery'),
	(1106, '2024-05-16 06:13:51.715465+00', 'blue_ml', -100, 'potion delivery'),
	(1107, '2024-05-16 06:19:53.772643+00', 'gold', 40, '377 checked out.'),
	(1108, '2024-05-16 06:20:11.9712+00', 'gold', 400, '378 checked out.'),
	(1109, '2024-05-16 06:20:11.98464+00', 'gold', 80, '379 checked out.'),
	(1110, '2024-05-16 08:14:52.66145+00', 'red_ml', 500, 'barrel delivery'),
	(1111, '2024-05-16 08:14:52.66145+00', 'green_ml', 500, 'barrel delivery'),
	(1112, '2024-05-16 08:14:52.66145+00', 'blue_ml', 500, 'barrel delivery'),
	(1113, '2024-05-16 08:14:52.66145+00', 'red_ml', 200, 'barrel delivery'),
	(1114, '2024-05-16 08:14:52.66145+00', 'green_ml', 200, 'barrel delivery'),
	(1115, '2024-05-16 08:14:52.66145+00', 'blue_ml', 200, 'barrel delivery'),
	(1116, '2024-05-16 08:14:52.66145+00', 'gold', -500, 'barrel delivery'),
	(1117, '2024-05-16 08:14:52.667854+00', 'green_ml', -1000, 'potion delivery'),
	(1118, '2024-05-16 08:14:52.667854+00', 'blue_ml', -100, 'potion delivery'),
	(1119, '2024-05-16 08:23:52.494827+00', 'gold', 50, '384 checked out.'),
	(1120, '2024-05-16 08:23:52.501618+00', 'gold', 240, '383 checked out.'),
	(1121, '2024-05-16 08:23:52.514651+00', 'gold', 50, '385 checked out.'),
	(1122, '2024-05-16 08:23:53.908002+00', 'gold', 40, '382 checked out.'),
	(1123, '2024-05-16 08:23:53.908796+00', 'gold', 120, '381 checked out.'),
	(1124, '2024-05-16 08:23:53.920037+00', 'gold', 400, '380 checked out.'),
	(1125, '2024-05-16 10:26:30.796021+00', 'red_ml', -700, 'potion delivery'),
	(1126, '2024-05-16 10:26:30.796021+00', 'green_ml', -1000, 'potion delivery'),
	(1127, '2024-05-16 10:26:30.796021+00', 'blue_ml', -300, 'potion delivery'),
	(1128, '2024-05-16 10:29:12.669688+00', 'gold', 400, '390 checked out.'),
	(1129, '2024-05-16 10:29:12.67044+00', 'gold', 50, '386 checked out.'),
	(1130, '2024-05-16 10:29:12.670007+00', 'gold', 320, '387 checked out.'),
	(1131, '2024-05-16 10:29:12.798873+00', 'gold', 400, '388 checked out.'),
	(1132, '2024-05-16 10:29:12.781325+00', 'gold', 80, '389 checked out.'),
	(1133, '2024-05-16 12:15:33.880311+00', 'red_ml', 500, 'barrel delivery'),
	(1134, '2024-05-16 12:15:33.880311+00', 'green_ml', 1000, 'barrel delivery'),
	(1135, '2024-05-16 12:15:33.880311+00', 'blue_ml', 500, 'barrel delivery'),
	(1136, '2024-05-16 12:15:33.880311+00', 'red_ml', 200, 'barrel delivery'),
	(1137, '2024-05-16 12:15:33.880311+00', 'green_ml', 200, 'barrel delivery'),
	(1138, '2024-05-16 12:15:33.880311+00', 'blue_ml', 200, 'barrel delivery'),
	(1139, '2024-05-16 12:15:33.880311+00', 'gold', -600, 'barrel delivery'),
	(1140, '2024-05-16 12:22:36.569181+00', 'gold', 150, '391 checked out.'),
	(1141, '2024-05-16 12:22:36.595017+00', 'gold', 280, '394 checked out.'),
	(1142, '2024-05-16 12:22:36.581171+00', 'gold', 150, '392 checked out.'),
	(1143, '2024-05-16 12:22:36.71885+00', 'gold', 120, '393 checked out.'),
	(1144, '2024-05-16 14:29:11.553303+00', 'gold', 400, '395 checked out.'),
	(1145, '2024-05-16 16:14:31.00427+00', 'red_ml', 500, 'barrel delivery'),
	(1146, '2024-05-16 16:14:31.00427+00', 'red_ml', 200, 'barrel delivery'),
	(1147, '2024-05-16 16:14:31.00427+00', 'green_ml', 200, 'barrel delivery'),
	(1148, '2024-05-16 16:14:31.00427+00', 'blue_ml', 200, 'barrel delivery'),
	(1149, '2024-05-16 16:14:31.00427+00', 'gold', -280, 'barrel delivery'),
	(1150, '2024-05-16 20:14:51.353944+00', 'green_ml', 200, 'barrel delivery'),
	(1151, '2024-05-16 20:14:51.353944+00', 'blue_ml', 200, 'barrel delivery'),
	(1152, '2024-05-16 20:14:51.353944+00', 'gold', -120, 'barrel delivery'),
	(1153, '2024-05-17 00:18:13.44947+00', 'gold', 180, '396 checked out.'),
	(1154, '2024-05-17 04:33:52.397081+00', 'gold', 240, '397 checked out.'),
	(1155, '2024-05-17 06:22:16.689834+00', 'gold', 60, '398 checked out.'),
	(1156, '2024-05-18 00:20:57.946983+00', 'gold', 100, '399 checked out.');


--
-- Data for Name: potion_ledger; Type: TABLE DATA; Schema: public; Owner: postgres
--

INSERT INTO "public"."potion_ledger" ("id", "time", "change", "potion_sku", "reason") VALUES
	(179, '2024-05-07 00:26:35.046577+00', 5, 'red_potion', 'potion delivery'),
	(180, '2024-05-07 08:47:39.322537+00', -2, 'red_potion', '137 checked out.'),
	(181, '2024-05-07 08:47:39.446201+00', -2, 'red_potion', '136 checked out.'),
	(182, '2024-05-07 10:27:23.426801+00', -1, 'red_potion', '138 checked out.'),
	(183, '2024-05-07 14:19:38.330818+00', 12, 'red_potion', 'potion delivery'),
	(184, '2024-05-07 16:26:22.264498+00', 9, 'red_potion', 'potion delivery'),
	(185, '2024-05-07 18:17:15.489102+00', 4, 'red_potion', 'potion delivery'),
	(186, '2024-05-07 22:06:36.252064+00', -4, 'red_potion', '139 checked out.'),
	(187, '2024-05-07 22:06:36.252218+00', -8, 'red_potion', '140 checked out.'),
	(188, '2024-05-08 00:45:15.416311+00', -7, 'red_potion', '141 checked out.'),
	(189, '2024-05-08 02:05:34.790226+00', 5, 'red_potion', 'potion delivery'),
	(190, '2024-05-08 02:05:34.790226+00', 5, 'green_potion', 'potion delivery'),
	(191, '2024-05-08 02:05:34.790226+00', 5, 'blue_potion', 'potion delivery'),
	(192, '2024-05-08 02:07:48.978931+00', -1, 'red_potion', '143 checked out.'),
	(193, '2024-05-08 02:07:48.988275+00', -5, 'red_potion', '142 checked out.'),
	(194, '2024-05-08 04:45:07.934381+00', -3, 'blue_potion', '146 checked out.'),
	(195, '2024-05-08 04:45:07.930461+00', -2, 'blue_potion', '145 checked out.'),
	(196, '2024-05-08 04:45:08.075407+00', -5, 'red_potion', '144 checked out.'),
	(197, '2024-05-08 06:05:48.873365+00', 5, 'red_potion', 'potion delivery'),
	(198, '2024-05-08 06:05:48.873365+00', 5, 'green_potion', 'potion delivery'),
	(199, '2024-05-08 06:05:48.873365+00', 5, 'blue_potion', 'potion delivery'),
	(201, '2024-05-08 09:01:31.254656+00', -1, 'red_potion', '150 checked out.'),
	(200, '2024-05-08 09:01:31.253993+00', -3, 'red_potion', '149 checked out.'),
	(202, '2024-05-08 09:01:31.253974+00', -5, 'blue_potion', '151 checked out.'),
	(203, '2024-05-08 09:01:31.26486+00', -5, 'green_potion', '147 checked out.'),
	(204, '2024-05-08 09:01:31.517423+00', -1, 'red_potion', '148 checked out.'),
	(205, '2024-05-08 10:33:37.567057+00', -5, 'green_potion', '152 checked out.'),
	(206, '2024-05-08 18:20:05.642484+00', 12, 'red_potion', 'potion delivery'),
	(207, '2024-05-08 18:20:05.642484+00', 5, 'green_potion', 'potion delivery'),
	(208, '2024-05-08 18:20:05.642484+00', 6, 'blue_potion', 'potion delivery'),
	(209, '2024-05-08 18:20:05.642484+00', 6, 'charming_insightful', 'potion delivery'),
	(210, '2024-05-08 18:20:05.642484+00', 4, 'charming_jerking_po', 'potion delivery'),
	(211, '2024-05-08 18:20:05.642484+00', 2, 'charming_coruscatin', 'potion delivery'),
	(212, '2024-05-08 18:20:05.642484+00', 4, 'insightful_jerking_', 'potion delivery'),
	(213, '2024-05-08 18:20:05.642484+00', 2, 'fortifying_insightf', 'potion delivery'),
	(214, '2024-05-08 18:20:05.642484+00', 2, 'fortifying_coruscat', 'potion delivery'),
	(215, '2024-05-08 20:50:14.745076+00', 1, 'red_potion', 'potion delivery'),
	(216, '2024-05-08 21:13:41.528867+00', -6, 'blue_potion', '153 checked out.'),
	(217, '2024-05-08 22:17:07.032613+00', 3, 'red_potion', 'potion delivery'),
	(218, '2024-05-08 22:17:07.032613+00', 1, 'green_potion', 'potion delivery'),
	(219, '2024-05-08 22:17:07.032613+00', 1, 'blue_potion', 'potion delivery'),
	(220, '2024-05-08 22:17:07.032613+00', 2, 'charming_insightful', 'potion delivery'),
	(221, '2024-05-08 22:17:07.032613+00', 1, 'insightful_jerking_', 'potion delivery'),
	(222, '2024-05-08 22:17:07.032613+00', 1, 'fortifying_insightf', 'potion delivery'),
	(223, '2024-05-08 22:17:07.032613+00', 2, 'charming_jerking_po', 'potion delivery'),
	(224, '2024-05-08 22:17:07.032613+00', 1, 'charming_coruscatin', 'potion delivery'),
	(225, '2024-05-08 22:24:05.205172+00', -4, 'red_potion', '154 checked out.'),
	(226, '2024-05-09 00:11:02.684341+00', -6, 'green_potion', '155 checked out.'),
	(227, '2024-05-09 00:11:02.809688+00', -1, 'blue_potion', '156 checked out.'),
	(228, '2024-05-09 02:17:19.406869+00', 2, 'red_potion', 'potion delivery'),
	(229, '2024-05-09 02:17:19.406869+00', 1, 'green_potion', 'potion delivery'),
	(230, '2024-05-09 02:17:19.406869+00', 1, 'blue_potion', 'potion delivery'),
	(231, '2024-05-09 02:17:19.406869+00', 1, 'charming_jerking_po', 'potion delivery'),
	(232, '2024-05-09 02:17:19.406869+00', 2, 'insightful_jerking_', 'potion delivery'),
	(233, '2024-05-09 02:17:19.406869+00', 1, 'fortifying_coruscat', 'potion delivery'),
	(234, '2024-05-09 02:17:19.406869+00', 2, 'charming_insightful', 'potion delivery'),
	(235, '2024-05-09 02:17:19.406869+00', 1, 'fortifying_insightf', 'potion delivery'),
	(236, '2024-05-09 02:24:59.426971+00', -2, 'red_potion', '159 checked out.'),
	(237, '2024-05-09 02:24:59.431756+00', -3, 'red_potion', '157 checked out.'),
	(238, '2024-05-09 02:24:59.57803+00', -7, 'red_potion', '158 checked out.'),
	(239, '2024-05-09 04:22:13.380825+00', 3, 'red_potion', 'potion delivery'),
	(240, '2024-05-09 04:22:13.380825+00', 1, 'green_potion', 'potion delivery'),
	(241, '2024-05-09 04:22:13.380825+00', 1, 'blue_potion', 'potion delivery'),
	(242, '2024-05-09 04:22:13.380825+00', 3, 'charming_insightful', 'potion delivery'),
	(243, '2024-05-09 04:22:13.380825+00', 1, 'insightful_jerking_', 'potion delivery'),
	(244, '2024-05-09 04:22:13.380825+00', 1, 'fortifying_insightf', 'potion delivery'),
	(245, '2024-05-09 04:22:13.380825+00', 1, 'charming_jerking_po', 'potion delivery'),
	(246, '2024-05-09 04:22:13.380825+00', 1, 'charming_coruscatin', 'potion delivery'),
	(247, '2024-05-09 04:39:21.65646+00', -2, 'red_potion', '160 checked out.'),
	(248, '2024-05-09 04:39:23.15913+00', -1, 'blue_potion', '161 checked out.'),
	(249, '2024-05-09 06:29:45.701973+00', -1, 'blue_potion', '162 checked out.'),
	(250, '2024-05-09 06:29:47.079479+00', -3, 'fortifying_coruscat', '164 checked out.'),
	(251, '2024-05-09 06:29:47.219476+00', -2, 'green_potion', '163 checked out.'),
	(252, '2024-05-09 08:20:09.551218+00', 2, 'red_potion', 'potion delivery'),
	(253, '2024-05-09 08:20:09.551218+00', 1, 'green_potion', 'potion delivery'),
	(254, '2024-05-09 08:20:09.551218+00', 1, 'blue_potion', 'potion delivery'),
	(255, '2024-05-09 08:20:09.551218+00', 1, 'charming_insightful', 'potion delivery'),
	(256, '2024-05-09 08:20:09.551218+00', 2, 'insightful_jerking_', 'potion delivery'),
	(257, '2024-05-09 08:20:09.551218+00', 1, 'fortifying_insightf', 'potion delivery'),
	(258, '2024-05-09 08:20:09.551218+00', 1, 'charming_jerking_po', 'potion delivery'),
	(259, '2024-05-09 08:38:27.410425+00', -1, 'red_potion', '165 checked out.'),
	(260, '2024-05-09 08:38:28.970452+00', -2, 'red_potion', '166 checked out.'),
	(261, '2024-05-09 08:38:40.45871+00', -1, 'fortifying_insightf', '167 checked out.'),
	(262, '2024-05-09 10:29:28.478175+00', -2, 'red_potion', '171 checked out.'),
	(263, '2024-05-09 10:29:28.604152+00', -1, 'green_potion', '169 checked out.'),
	(264, '2024-05-09 10:29:28.728209+00', -6, 'charming_insightful', '170 checked out.'),
	(265, '2024-05-09 10:29:28.731262+00', -1, 'blue_potion', '168 checked out.'),
	(266, '2024-05-09 12:21:49.965391+00', 3, 'red_potion', 'potion delivery'),
	(267, '2024-05-09 12:21:49.965391+00', 1, 'green_potion', 'potion delivery'),
	(268, '2024-05-09 12:21:49.965391+00', 2, 'blue_potion', 'potion delivery'),
	(269, '2024-05-09 12:21:49.965391+00', 2, 'charming_jerking_po', 'potion delivery'),
	(270, '2024-05-09 12:21:49.965391+00', 2, 'insightful_jerking_', 'potion delivery'),
	(271, '2024-05-09 12:21:49.965391+00', 1, 'fortifying_coruscat', 'potion delivery'),
	(272, '2024-05-09 12:21:49.965391+00', 2, 'charming_insightful', 'potion delivery'),
	(273, '2024-05-09 12:21:49.965391+00', 1, 'fortifying_insightf', 'potion delivery'),
	(274, '2024-05-09 12:38:26.406806+00', -8, 'charming_insightful', '172 checked out.'),
	(275, '2024-05-09 14:29:48.635016+00', -2, 'blue_potion', '173 checked out.'),
	(276, '2024-05-09 14:29:48.80228+00', -2, 'charming_insightful', '174 checked out.'),
	(277, '2024-05-09 16:20:06.091505+00', 3, 'red_potion', 'potion delivery'),
	(278, '2024-05-09 16:20:06.091505+00', 1, 'green_potion', 'potion delivery'),
	(279, '2024-05-09 16:20:06.091505+00', 1, 'blue_potion', 'potion delivery'),
	(280, '2024-05-09 16:20:06.091505+00', 2, 'charming_jerking_po', 'potion delivery'),
	(281, '2024-05-09 16:20:06.091505+00', 1, 'insightful_jerking_', 'potion delivery'),
	(282, '2024-05-09 16:20:06.091505+00', 1, 'fortifying_coruscat', 'potion delivery'),
	(283, '2024-05-09 16:20:06.091505+00', 2, 'charming_insightful', 'potion delivery'),
	(284, '2024-05-09 16:20:06.091505+00', 1, 'charming_coruscatin', 'potion delivery'),
	(285, '2024-05-09 16:36:20.619634+00', -3, 'red_potion', '178 checked out.'),
	(286, '2024-05-09 16:36:20.744546+00', -1, 'fortifying_insightf', '176 checked out.'),
	(287, '2024-05-09 16:36:20.758137+00', -2, 'fortifying_insightf', '177 checked out.'),
	(288, '2024-05-09 16:36:21.088875+00', -4, 'charming_coruscatin', '175 checked out.'),
	(289, '2024-05-09 18:26:20.838816+00', -1, 'blue_potion', '180 checked out.'),
	(290, '2024-05-09 18:26:20.838557+00', -2, 'green_potion', '179 checked out.'),
	(291, '2024-05-09 20:20:42.884626+00', 3, 'red_potion', 'potion delivery'),
	(292, '2024-05-09 20:20:42.884626+00', 1, 'green_potion', 'potion delivery'),
	(293, '2024-05-09 20:20:42.884626+00', 1, 'blue_potion', 'potion delivery'),
	(294, '2024-05-09 20:20:42.884626+00', 2, 'charming_insightful', 'potion delivery'),
	(295, '2024-05-09 20:20:42.884626+00', 2, 'insightful_jerking_', 'potion delivery'),
	(296, '2024-05-09 20:20:42.884626+00', 1, 'fortifying_insightf', 'potion delivery'),
	(297, '2024-05-09 20:20:42.884626+00', 2, 'charming_jerking_po', 'potion delivery'),
	(298, '2024-05-09 20:20:42.884626+00', 1, 'fortifying_coruscat', 'potion delivery'),
	(299, '2024-05-10 02:25:21.784438+00', -1, 'fortifying_insightf', '182 checked out.'),
	(300, '2024-05-10 02:25:21.931812+00', -1, 'charming_coruscatin', '181 checked out.'),
	(301, '2024-05-10 04:21:21.982068+00', 1, 'charming_insightful', 'potion delivery'),
	(302, '2024-05-10 04:21:21.982068+00', 1, 'charming_jerking_po', 'potion delivery'),
	(303, '2024-05-10 04:39:29.978308+00', -3, 'fortifying_coruscat', '183 checked out.'),
	(304, '2024-05-10 04:39:30.129699+00', -1, 'blue_potion', '184 checked out.'),
	(305, '2024-05-10 04:39:31.519871+00', -1, 'green_potion', '185 checked out.'),
	(306, '2024-05-10 06:05:48.577589+00', 1, 'red_potion', 'potion delivery'),
	(307, '2024-05-10 06:05:48.577589+00', 1, 'charming_jerking_po', 'potion delivery'),
	(308, '2024-05-10 06:05:48.577589+00', 1, 'insightful_jerking_', 'potion delivery'),
	(309, '2024-05-10 06:05:48.577589+00', 1, 'fortifying_coruscat', 'potion delivery'),
	(310, '2024-05-10 06:05:48.577589+00', 1, 'charming_insightful', 'potion delivery'),
	(311, '2024-05-10 06:10:07.890239+00', -3, 'fortifying_insightf', '186 checked out.'),
	(312, '2024-05-10 08:38:42.311722+00', -1, 'fortifying_coruscat', '187 checked out.'),
	(313, '2024-05-10 10:28:42.06923+00', -5, 'charming_jerking_po', '188 checked out.'),
	(314, '2024-05-10 12:20:22.966748+00', 2, 'red_potion', 'potion delivery'),
	(315, '2024-05-10 12:20:22.966748+00', 1, 'green_potion', 'potion delivery'),
	(316, '2024-05-10 12:20:22.966748+00', 1, 'blue_potion', 'potion delivery'),
	(317, '2024-05-10 12:20:22.966748+00', 1, 'charming_insightful', 'potion delivery'),
	(318, '2024-05-10 12:20:22.966748+00', 2, 'insightful_jerking_', 'potion delivery'),
	(319, '2024-05-10 12:20:22.966748+00', 1, 'fortifying_insightf', 'potion delivery'),
	(320, '2024-05-10 12:20:22.966748+00', 1, 'charming_jerking_po', 'potion delivery'),
	(321, '2024-05-10 12:37:42.901499+00', -3, 'charming_jerking_po', '190 checked out.'),
	(323, '2024-05-10 12:37:42.897066+00', -1, 'charming_jerking_po', '189 checked out.'),
	(322, '2024-05-10 12:37:42.900777+00', -8, 'charming_jerking_po', '191 checked out.'),
	(324, '2024-05-10 14:16:42.554304+00', 3, 'red_potion', 'potion delivery'),
	(325, '2024-05-10 14:16:42.554304+00', 1, 'green_potion', 'potion delivery'),
	(326, '2024-05-10 14:16:42.554304+00', 1, 'blue_potion', 'potion delivery'),
	(327, '2024-05-10 14:16:42.554304+00', 2, 'charming_insightful', 'potion delivery'),
	(328, '2024-05-10 14:16:42.554304+00', 2, 'charming_jerking_po', 'potion delivery'),
	(329, '2024-05-10 14:16:42.554304+00', 1, 'charming_coruscatin', 'potion delivery'),
	(330, '2024-05-10 14:16:42.554304+00', 1, 'insightful_jerking_', 'potion delivery'),
	(331, '2024-05-10 14:16:42.554304+00', 1, 'fortifying_insightf', 'potion delivery'),
	(332, '2024-05-10 14:24:02.529458+00', -1, 'green_potion', '193 checked out.'),
	(333, '2024-05-10 14:24:02.55563+00', -1, 'blue_potion', '192 checked out.'),
	(334, '2024-05-10 16:19:43.31569+00', 1, 'charming_jerking_po', 'potion delivery'),
	(335, '2024-05-10 16:19:43.31569+00', 1, 'insightful_jerking_', 'potion delivery'),
	(336, '2024-05-10 16:32:43.204498+00', -1, 'green_potion', '194 checked out.'),
	(337, '2024-05-10 18:11:03.212766+00', 1, 'charming_insightful', 'potion delivery'),
	(338, '2024-05-10 20:37:23.510629+00', -1, 'charming_coruscatin', '197 checked out.'),
	(339, '2024-05-10 20:37:23.644526+00', -7, 'charming_insightful', '195 checked out.'),
	(340, '2024-05-10 20:37:43.669911+00', -3, 'charming_insightful', '196 checked out.'),
	(341, '2024-05-10 22:16:26.791357+00', 2, 'red_potion', 'potion delivery'),
	(342, '2024-05-10 22:16:26.791357+00', 1, 'green_potion', 'potion delivery'),
	(343, '2024-05-10 22:16:26.791357+00', 1, 'blue_potion', 'potion delivery'),
	(344, '2024-05-10 22:16:26.791357+00', 2, 'charming_insightful', 'potion delivery'),
	(345, '2024-05-10 22:16:26.791357+00', 2, 'charming_jerking_po', 'potion delivery'),
	(346, '2024-05-10 22:16:26.791357+00', 1, 'charming_coruscatin', 'potion delivery'),
	(347, '2024-05-10 22:16:26.791357+00', 1, 'insightful_jerking_', 'potion delivery'),
	(348, '2024-05-10 22:16:26.791357+00', 1, 'fortifying_coruscat', 'potion delivery'),
	(349, '2024-05-10 22:25:06.889961+00', -2, 'fortifying_insightf', '199 checked out.'),
	(350, '2024-05-10 22:25:08.330778+00', -4, 'charming_jerking_po', '198 checked out.'),
	(351, '2024-05-10 22:25:08.337863+00', -1, 'red_potion', '200 checked out.'),
	(352, '2024-05-11 00:20:27.350192+00', 1, 'red_potion', 'potion delivery'),
	(353, '2024-05-11 00:20:27.350192+00', 1, 'blue_potion', 'potion delivery'),
	(354, '2024-05-11 00:20:27.350192+00', 1, 'charming_insightful', 'potion delivery'),
	(355, '2024-05-11 00:20:27.350192+00', 2, 'charming_jerking_po', 'potion delivery'),
	(356, '2024-05-11 00:20:27.350192+00', 1, 'charming_coruscatin', 'potion delivery'),
	(357, '2024-05-11 00:20:27.350192+00', 1, 'insightful_jerking_', 'potion delivery'),
	(358, '2024-05-11 00:39:07.401052+00', -1, 'red_potion', '202 checked out.'),
	(359, '2024-05-11 00:39:07.399965+00', -2, 'red_potion', '201 checked out.'),
	(360, '2024-05-11 02:28:31.206945+00', -1, 'fortifying_coruscat', '205 checked out.'),
	(361, '2024-05-11 02:28:31.206411+00', -5, 'red_potion', '203 checked out.'),
	(362, '2024-05-11 02:28:44.582712+00', -2, 'red_potion', '204 checked out.'),
	(363, '2024-05-11 02:28:45.934883+00', -4, 'red_potion', '206 checked out.'),
	(364, '2024-05-11 02:28:45.941777+00', -2, 'charming_coruscatin', '207 checked out.'),
	(365, '2024-05-11 02:28:47.323545+00', -4, 'charming_jerking_po', '208 checked out.'),
	(366, '2024-05-11 08:40:31.07688+00', -3, 'charming_insightful', '209 checked out.'),
	(367, '2024-05-11 18:10:09.27933+00', -1, 'green_potion', '210 checked out.'),
	(368, '2024-05-12 04:26:26.878618+00', 15, 'red_potion', 'potion delivery'),
	(369, '2024-05-12 04:26:26.878618+00', 10, 'green_potion', 'potion delivery'),
	(370, '2024-05-12 06:15:08.341197+00', -2, 'red_potion', '212 checked out.'),
	(371, '2024-05-12 06:15:08.342347+00', -5, 'red_potion', '211 checked out.'),
	(372, '2024-05-12 06:15:08.349033+00', -8, 'green_potion', '213 checked out.'),
	(373, '2024-05-12 06:15:08.348883+00', -6, 'red_potion', '216 checked out.'),
	(374, '2024-05-12 06:15:08.487093+00', -2, 'red_potion', '214 checked out.'),
	(375, '2024-05-12 06:15:26.928099+00', -2, 'green_potion', '215 checked out.'),
	(376, '2024-05-12 08:26:48.133338+00', 15, 'red_potion', 'potion delivery'),
	(377, '2024-05-12 08:26:48.133338+00', 10, 'green_potion', 'potion delivery'),
	(378, '2024-05-12 10:42:48.723085+00', -5, 'green_potion', '220 checked out.'),
	(379, '2024-05-12 10:42:48.726662+00', -5, 'green_potion', '218 checked out.'),
	(380, '2024-05-12 10:42:48.72231+00', -7, 'red_potion', '217 checked out.'),
	(381, '2024-05-12 10:42:48.72802+00', -3, 'red_potion', '221 checked out.'),
	(382, '2024-05-12 10:42:48.890302+00', -5, 'red_potion', '219 checked out.'),
	(383, '2024-05-12 12:23:47.159603+00', 15, 'red_potion', 'potion delivery'),
	(384, '2024-05-12 12:23:47.159603+00', 10, 'green_potion', 'potion delivery'),
	(385, '2024-05-12 14:33:27.899237+00', -5, 'red_potion', '222 checked out.'),
	(386, '2024-05-12 14:33:27.913073+00', -4, 'red_potion', '224 checked out.'),
	(387, '2024-05-12 14:33:27.900905+00', -6, 'red_potion', '223 checked out.'),
	(388, '2024-05-12 16:19:13.212255+00', 15, 'red_potion', 'potion delivery'),
	(389, '2024-05-12 18:36:40.307373+00', -5, 'red_potion', '225 checked out.'),
	(390, '2024-05-12 18:36:41.819535+00', -4, 'red_potion', '226 checked out.'),
	(391, '2024-05-12 18:36:44.300916+00', -8, 'green_potion', '227 checked out.'),
	(392, '2024-05-12 18:36:45.629639+00', -1, 'blue_potion', '228 checked out.'),
	(393, '2024-05-12 18:36:46.973811+00', -2, 'blue_potion', '229 checked out.'),
	(394, '2024-05-12 20:31:05.41635+00', 15, 'red_potion', 'potion delivery'),
	(395, '2024-05-12 20:31:05.41635+00', 5, 'green_potion', 'potion delivery'),
	(396, '2024-05-12 22:16:54.637734+00', 15, 'red_potion', 'potion delivery'),
	(397, '2024-05-12 22:16:54.637734+00', 10, 'green_potion', 'potion delivery'),
	(398, '2024-05-12 22:16:54.637734+00', 10, 'blue_potion', 'potion delivery'),
	(399, '2024-05-12 22:16:54.637734+00', 3, 'red_potion', 'potion delivery'),
	(400, '2024-05-12 22:16:54.637734+00', 1, 'green_potion', 'potion delivery'),
	(401, '2024-05-12 22:16:54.637734+00', 2, 'blue_potion', 'potion delivery'),
	(402, '2024-05-12 22:16:54.637734+00', 4, 'charming_jerking_po', 'potion delivery'),
	(403, '2024-05-12 22:16:54.637734+00', 1, 'fortifying_coruscat', 'potion delivery'),
	(404, '2024-05-12 22:16:54.637734+00', 3, 'charming_insightful', 'potion delivery'),
	(405, '2024-05-12 22:16:54.637734+00', 1, 'fortifying_insightf', 'potion delivery'),
	(406, '2024-05-12 22:26:54.42151+00', -7, 'red_potion', '230 checked out.'),
	(407, '2024-05-13 00:21:36.267448+00', 7, 'red_potion', 'potion delivery'),
	(408, '2024-05-13 00:42:35.147402+00', -4, 'charming_jerking_po', '233 checked out.'),
	(409, '2024-05-13 00:42:35.174141+00', -7, 'green_potion', '232 checked out.'),
	(410, '2024-05-13 00:42:35.294351+00', -3, 'charming_insightful', '231 checked out.'),
	(411, '2024-05-13 02:57:25.339353+00', 14, 'red_potion', 'potion delivery'),
	(412, '2024-05-13 03:23:35.407119+00', -3, 'red_potion', '238 checked out.'),
	(413, '2024-05-13 03:23:35.407635+00', -3, 'red_potion', '234 checked out.'),
	(414, '2024-05-13 03:23:35.407696+00', -1, 'red_potion', '235 checked out.'),
	(415, '2024-05-13 03:23:35.408222+00', -3, 'red_potion', '239 checked out.'),
	(416, '2024-05-13 03:23:35.567328+00', -4, 'blue_potion', '240 checked out.'),
	(417, '2024-05-13 03:23:55.16339+00', -7, 'blue_potion', '244 checked out.'),
	(418, '2024-05-13 03:23:55.167068+00', -5, 'red_potion', '242 checked out.'),
	(419, '2024-05-13 03:23:55.171695+00', -7, 'red_potion', '245 checked out.'),
	(420, '2024-05-13 03:23:55.173352+00', -2, 'red_potion', '241 checked out.'),
	(421, '2024-05-13 03:23:55.174413+00', -3, 'red_potion', '246 checked out.'),
	(422, '2024-05-13 03:23:55.321046+00', -3, 'green_potion', '237 checked out.'),
	(423, '2024-05-13 03:23:55.325776+00', -7, 'red_potion', '236 checked out.'),
	(424, '2024-05-13 03:23:55.326733+00', -5, 'red_potion', '243 checked out.'),
	(425, '2024-05-13 03:23:56.689652+00', -1, 'blue_potion', '247 checked out.'),
	(426, '2024-05-13 04:27:17.176415+00', 15, 'red_potion', 'potion delivery'),
	(427, '2024-05-13 04:27:17.176415+00', 10, 'green_potion', 'potion delivery'),
	(428, '2024-05-13 04:27:17.176415+00', 10, 'blue_potion', 'potion delivery'),
	(429, '2024-05-13 04:27:17.176415+00', 4, 'red_potion', 'potion delivery'),
	(430, '2024-05-13 04:27:17.176415+00', 2, 'green_potion', 'potion delivery'),
	(431, '2024-05-13 04:27:17.176415+00', 2, 'blue_potion', 'potion delivery'),
	(432, '2024-05-13 04:27:17.176415+00', 4, 'charming_insightful', 'potion delivery'),
	(433, '2024-05-13 04:27:17.176415+00', 1, 'fortifying_insightf', 'potion delivery'),
	(434, '2024-05-13 04:27:17.176415+00', 4, 'charming_jerking_po', 'potion delivery'),
	(435, '2024-05-13 04:27:17.176415+00', 2, 'fortifying_coruscat', 'potion delivery'),
	(436, '2024-05-13 05:04:15.159093+00', -4, 'red_potion', '249 checked out.'),
	(437, '2024-05-13 05:04:16.750798+00', -2, 'red_potion', '248 checked out.'),
	(438, '2024-05-13 05:04:16.755474+00', -1, 'fortifying_insightf', '251 checked out.'),
	(439, '2024-05-13 05:04:16.771467+00', -1, 'fortifying_coruscat', '250 checked out.'),
	(440, '2024-05-13 05:04:16.76754+00', -8, 'green_potion', '253 checked out.'),
	(441, '2024-05-13 05:04:16.919273+00', -4, 'red_potion', '252 checked out.'),
	(442, '2024-05-13 05:04:16.956211+00', -4, 'red_potion', '254 checked out.'),
	(443, '2024-05-13 06:25:35.56961+00', 15, 'red_potion', 'potion delivery'),
	(444, '2024-05-13 06:25:35.56961+00', 9, 'green_potion', 'potion delivery'),
	(445, '2024-05-13 06:56:35.848195+00', -5, 'blue_potion', '256 checked out.'),
	(446, '2024-05-13 06:56:35.853449+00', -5, 'blue_potion', '255 checked out.'),
	(447, '2024-05-13 06:56:36.009393+00', -1, 'fortifying_insightf', '258 checked out.'),
	(448, '2024-05-13 06:56:37.447728+00', -3, 'red_potion', '260 checked out.'),
	(449, '2024-05-13 06:56:37.57127+00', -8, 'red_potion', '259 checked out.'),
	(450, '2024-05-13 06:56:37.602561+00', -2, 'blue_potion', '257 checked out.'),
	(451, '2024-05-13 06:56:37.604292+00', -4, 'charming_insightful', '263 checked out.'),
	(452, '2024-05-13 06:56:54.992888+00', -5, 'red_potion', '264 checked out.'),
	(453, '2024-05-13 06:56:56.425774+00', -3, 'red_potion', '262 checked out.'),
	(454, '2024-05-13 06:56:56.439792+00', -2, 'green_potion', '265 checked out.'),
	(455, '2024-05-13 06:56:56.437542+00', -1, 'green_potion', '266 checked out.'),
	(456, '2024-05-13 06:56:56.442595+00', -6, 'green_potion', '261 checked out.'),
	(457, '2024-05-13 06:56:56.442305+00', -3, 'green_potion', '267 checked out.'),
	(458, '2024-05-13 08:36:16.43105+00', 15, 'red_potion', 'potion delivery'),
	(459, '2024-05-13 08:36:16.43105+00', 10, 'green_potion', 'potion delivery'),
	(460, '2024-05-13 08:36:16.43105+00', 10, 'blue_potion', 'potion delivery'),
	(461, '2024-05-13 08:36:16.43105+00', 3, 'red_potion', 'potion delivery'),
	(462, '2024-05-13 08:36:16.43105+00', 1, 'green_potion', 'potion delivery'),
	(463, '2024-05-13 08:36:16.43105+00', 1, 'blue_potion', 'potion delivery'),
	(464, '2024-05-13 08:36:16.43105+00', 3, 'charming_insightful', 'potion delivery'),
	(465, '2024-05-13 08:36:16.43105+00', 3, 'charming_jerking_po', 'potion delivery'),
	(466, '2024-05-13 08:36:16.43105+00', 1, 'fortifying_coruscat', 'potion delivery'),
	(467, '2024-05-13 08:36:16.43105+00', 1, 'fortifying_insightf', 'potion delivery'),
	(468, '2024-05-13 09:22:15.972534+00', -4, 'green_potion', '273 checked out.'),
	(469, '2024-05-13 09:22:16.08649+00', -5, 'red_potion', '275 checked out.'),
	(470, '2024-05-13 09:22:17.560307+00', -2, 'red_potion', '268 checked out.'),
	(471, '2024-05-13 09:22:17.562465+00', -3, 'charming_jerking_po', '272 checked out.'),
	(472, '2024-05-13 09:22:17.572112+00', -1, 'red_potion', '274 checked out.'),
	(473, '2024-05-13 09:22:17.56854+00', -5, 'green_potion', '269 checked out.'),
	(474, '2024-05-13 09:22:17.701032+00', -1, 'charming_jerking_po', '276 checked out.'),
	(475, '2024-05-13 09:22:36.114033+00', -5, 'red_potion', '270 checked out.'),
	(476, '2024-05-13 09:22:36.253549+00', -2, 'red_potion', '271 checked out.'),
	(477, '2024-05-13 10:48:14.043615+00', 15, 'red_potion', 'potion delivery'),
	(478, '2024-05-13 10:48:14.043615+00', 10, 'green_potion', 'potion delivery'),
	(479, '2024-05-13 10:48:14.043615+00', 3, 'blue_potion', 'potion delivery'),
	(480, '2024-05-13 11:33:30.758614+00', -3, 'charming_insightful', '277 checked out.'),
	(481, '2024-05-13 11:33:34.119202+00', -7, 'red_potion', '278 checked out.'),
	(482, '2024-05-13 11:33:36.474713+00', -4, 'red_potion', '279 checked out.'),
	(483, '2024-05-13 11:33:40.698783+00', -8, 'green_potion', '280 checked out.'),
	(484, '2024-05-13 11:33:43.031727+00', -4, 'red_potion', '281 checked out.'),
	(485, '2024-05-13 11:33:46.354374+00', -1, 'green_potion', '282 checked out.'),
	(486, '2024-05-13 11:33:49.842545+00', -4, 'blue_potion', '283 checked out.'),
	(487, '2024-05-13 11:33:52.234772+00', -3, 'red_potion', '284 checked out.'),
	(488, '2024-05-13 11:33:55.590677+00', -2, 'green_potion', '285 checked out.'),
	(489, '2024-05-13 11:33:58.920965+00', -3, 'blue_potion', '286 checked out.'),
	(490, '2024-05-13 11:34:02.250576+00', -4, 'blue_potion', '287 checked out.'),
	(491, '2024-05-13 14:15:25.379323+00', -1, 'charming_jerking_po', '291 checked out.'),
	(492, '2024-05-13 14:15:28.441529+00', -5, 'red_potion', '288 checked out.'),
	(493, '2024-05-13 14:15:31.939058+00', -6, 'green_potion', '290 checked out.'),
	(494, '2024-05-13 14:15:34.299145+00', -3, 'red_potion', '289 checked out.'),
	(495, '2024-05-13 14:15:37.70522+00', -4, 'green_potion', '292 checked out.'),
	(496, '2024-05-13 14:15:41.22618+00', -7, 'red_potion', '293 checked out.'),
	(497, '2024-05-13 14:15:44.930411+00', -1, 'fortifying_insightf', '294 checked out.'),
	(498, '2024-05-13 15:18:27.424904+00', 15, 'red_potion', 'potion delivery'),
	(499, '2024-05-13 15:18:27.424904+00', 10, 'green_potion', 'potion delivery'),
	(500, '2024-05-13 15:18:27.424904+00', 10, 'blue_potion', 'potion delivery'),
	(501, '2024-05-13 15:18:27.424904+00', 8, 'red_potion', 'potion delivery'),
	(502, '2024-05-13 15:18:27.424904+00', 4, 'green_potion', 'potion delivery'),
	(503, '2024-05-13 15:18:27.424904+00', 4, 'blue_potion', 'potion delivery'),
	(504, '2024-05-13 15:18:27.424904+00', 7, 'charming_jerking_po', 'potion delivery'),
	(505, '2024-05-13 15:18:27.424904+00', 3, 'fortifying_coruscat', 'potion delivery'),
	(506, '2024-05-13 15:18:27.424904+00', 6, 'charming_insightful', 'potion delivery'),
	(507, '2024-05-13 15:18:27.424904+00', 3, 'fortifying_insightf', 'potion delivery'),
	(508, '2024-05-13 15:47:47.735487+00', -2, 'charming_jerking_po', '295 checked out.'),
	(509, '2024-05-13 15:47:48.432149+00', -3, 'blue_potion', '296 checked out.'),
	(510, '2024-05-13 16:10:48.499941+00', 5, 'red_potion', 'potion delivery'),
	(511, '2024-05-13 16:44:09.745358+00', -2, 'red_potion', '297 checked out.'),
	(512, '2024-05-13 16:44:09.870721+00', -1, 'green_potion', '301 checked out.'),
	(513, '2024-05-13 16:44:18.543996+00', -3, 'green_potion', '305 checked out.'),
	(514, '2024-05-13 16:44:18.54176+00', -5, 'red_potion', '302 checked out.'),
	(515, '2024-05-13 16:44:18.546408+00', -6, 'charming_insightful', '299 checked out.'),
	(516, '2024-05-13 16:44:18.541086+00', -7, 'red_potion', '303 checked out.'),
	(517, '2024-05-13 16:44:18.536388+00', -5, 'charming_jerking_po', '300 checked out.'),
	(518, '2024-05-13 16:44:18.785487+00', -5, 'red_potion', '304 checked out.'),
	(519, '2024-05-13 16:44:18.813475+00', -4, 'red_potion', '298 checked out.'),
	(520, '2024-05-13 18:13:08.115079+00', 15, 'red_potion', 'potion delivery'),
	(521, '2024-05-13 18:13:08.115079+00', 10, 'green_potion', 'potion delivery'),
	(522, '2024-05-13 18:13:08.115079+00', 10, 'blue_potion', 'potion delivery'),
	(523, '2024-05-13 18:13:08.115079+00', 1, 'charming_jerking_po', 'potion delivery'),
	(524, '2024-05-13 18:13:08.115079+00', 1, 'fortifying_coruscat', 'potion delivery'),
	(525, '2024-05-13 18:13:08.115079+00', 1, 'charming_insightful', 'potion delivery'),
	(526, '2024-05-13 18:19:48.480779+00', -2, 'charming_jerking_po', '307 checked out.'),
	(527, '2024-05-13 18:20:28.411584+00', -5, 'red_potion', '306 checked out.'),
	(528, '2024-05-13 22:10:46.163974+00', 7, 'red_potion', 'potion delivery'),
	(529, '2024-05-14 02:33:03.834541+00', -4, 'green_potion', '308 checked out.'),
	(530, '2024-05-14 02:33:07.252533+00', -3, 'green_potion', '309 checked out.'),
	(531, '2024-05-14 02:33:50.511432+00', -7, 'blue_potion', '310 checked out.'),
	(532, '2024-05-14 02:33:55.042221+00', -1, 'charming_jerking_po', '311 checked out.'),
	(533, '2024-05-14 02:33:57.396859+00', -7, 'blue_potion', '312 checked out.'),
	(534, '2024-05-14 02:34:01.740892+00', -5, 'green_potion', '313 checked out.'),
	(535, '2024-05-14 02:34:05.078519+00', -5, 'green_potion', '314 checked out.'),
	(536, '2024-05-14 02:34:08.419092+00', -3, 'green_potion', '315 checked out.'),
	(537, '2024-05-14 02:34:11.76819+00', -3, 'fortifying_insightf', '316 checked out.'),
	(538, '2024-05-14 04:43:07.599748+00', 15, 'red_potion', 'potion delivery'),
	(539, '2024-05-14 04:43:07.599748+00', 10, 'green_potion', 'potion delivery'),
	(540, '2024-05-14 04:43:07.599748+00', 10, 'blue_potion', 'potion delivery'),
	(541, '2024-05-14 04:43:07.599748+00', 1, 'charming_insightful', 'potion delivery'),
	(542, '2024-05-14 04:43:07.599748+00', 1, 'fortifying_insightf', 'potion delivery'),
	(543, '2024-05-14 04:43:07.599748+00', 1, 'charming_jerking_po', 'potion delivery'),
	(544, '2024-05-14 04:48:08.391232+00', -5, 'red_potion', '321 checked out.'),
	(545, '2024-05-14 04:48:08.521546+00', -5, 'fortifying_coruscat', '319 checked out.'),
	(546, '2024-05-14 04:48:08.68096+00', -5, 'red_potion', '320 checked out.'),
	(547, '2024-05-14 04:48:08.682968+00', -7, 'red_potion', '317 checked out.'),
	(548, '2024-05-14 04:48:08.862659+00', -8, 'blue_potion', '318 checked out.'),
	(549, '2024-05-14 06:23:47.278272+00', -6, 'green_potion', '328 checked out.'),
	(550, '2024-05-14 06:23:47.278984+00', -5, 'red_potion', '325 checked out.'),
	(553, '2024-05-14 06:23:47.27953+00', -6, 'blue_potion', '323 checked out.'),
	(552, '2024-05-14 06:23:47.278999+00', -7, 'red_potion', '322 checked out.'),
	(551, '2024-05-14 06:23:47.279375+00', -4, 'green_potion', '329 checked out.'),
	(554, '2024-05-14 06:23:47.563913+00', -3, 'red_potion', '324 checked out.'),
	(555, '2024-05-14 06:23:47.564116+00', -2, 'red_potion', '327 checked out.'),
	(556, '2024-05-14 06:23:47.566586+00', -3, 'red_potion', '326 checked out.'),
	(557, '2024-05-14 08:25:46.43486+00', -2, 'charming_insightful', '331 checked out.'),
	(558, '2024-05-14 08:25:46.443296+00', -1, 'charming_jerking_po', '330 checked out.'),
	(559, '2024-05-14 08:25:46.581364+00', -3, 'blue_potion', '332 checked out.'),
	(560, '2024-05-14 10:22:26.196427+00', -1, 'blue_potion', '333 checked out.'),
	(561, '2024-05-14 10:22:26.359296+00', -2, 'fortifying_coruscat', '334 checked out.'),
	(562, '2024-05-14 12:22:46.19223+00', -2, 'blue_potion', '335 checked out.'),
	(563, '2024-05-14 14:42:26.849688+00', -1, 'fortifying_insightf', '336 checked out.'),
	(564, '2024-05-14 22:23:06.963946+00', 15, 'red_potion', 'potion delivery'),
	(565, '2024-05-14 22:23:06.963946+00', 10, 'green_potion', 'potion delivery'),
	(566, '2024-05-14 22:23:06.963946+00', 10, 'blue_potion', 'potion delivery'),
	(567, '2024-05-14 22:23:06.963946+00', 10, 'red_potion', 'potion delivery'),
	(568, '2024-05-14 22:23:06.963946+00', 4, 'green_potion', 'potion delivery'),
	(569, '2024-05-14 22:23:06.963946+00', 5, 'blue_potion', 'potion delivery'),
	(570, '2024-05-14 22:23:06.963946+00', 8, 'charming_jerking_po', 'potion delivery'),
	(571, '2024-05-14 22:23:06.963946+00', 4, 'fortifying_coruscat', 'potion delivery'),
	(572, '2024-05-14 22:23:06.963946+00', 8, 'charming_insightful', 'potion delivery'),
	(573, '2024-05-14 22:23:06.963946+00', 4, 'fortifying_insightf', 'potion delivery'),
	(574, '2024-05-15 00:19:48.41046+00', -4, 'green_potion', '337 checked out.'),
	(575, '2024-05-15 02:25:08.030884+00', 4, 'red_potion', 'potion delivery'),
	(576, '2024-05-15 04:20:09.392854+00', -2, 'blue_potion', '339 checked out.'),
	(577, '2024-05-15 04:20:09.390212+00', -1, 'blue_potion', '345 checked out.'),
	(578, '2024-05-15 04:20:09.398806+00', -3, 'blue_potion', '341 checked out.'),
	(579, '2024-05-15 04:20:09.411321+00', -4, 'blue_potion', '340 checked out.'),
	(580, '2024-05-15 04:20:09.423585+00', -5, 'red_potion', '342 checked out.'),
	(581, '2024-05-15 04:20:09.568007+00', -5, 'blue_potion', '343 checked out.'),
	(582, '2024-05-15 04:20:09.573076+00', -1, 'red_potion', '344 checked out.'),
	(583, '2024-05-15 04:20:09.580001+00', -5, 'red_potion', '338 checked out.'),
	(584, '2024-05-15 06:14:29.933541+00', 15, 'red_potion', 'potion delivery'),
	(585, '2024-05-15 06:14:29.933541+00', 10, 'green_potion', 'potion delivery'),
	(586, '2024-05-15 06:14:29.933541+00', 1, 'blue_potion', 'potion delivery'),
	(587, '2024-05-15 06:25:08.287305+00', -2, 'green_potion', '349 checked out.'),
	(588, '2024-05-15 06:25:08.280273+00', -1, 'green_potion', '347 checked out.'),
	(589, '2024-05-15 06:25:08.293486+00', -7, 'green_potion', '346 checked out.'),
	(590, '2024-05-15 06:25:08.289543+00', -2, 'fortifying_coruscat', '351 checked out.'),
	(591, '2024-05-15 06:25:08.281926+00', -1, 'red_potion', '348 checked out.'),
	(592, '2024-05-15 06:25:27.959667+00', -2, 'fortifying_coruscat', '350 checked out.'),
	(593, '2024-05-15 10:32:47.766974+00', 14, 'red_potion', 'potion delivery'),
	(594, '2024-05-15 10:32:47.766974+00', 1, 'green_potion', 'potion delivery'),
	(595, '2024-05-15 10:33:47.64232+00', -3, 'red_potion', '353 checked out.'),
	(596, '2024-05-15 10:33:47.667354+00', -2, 'red_potion', '355 checked out.'),
	(597, '2024-05-15 10:33:47.659999+00', -8, 'red_potion', '352 checked out.'),
	(598, '2024-05-15 10:33:47.660964+00', -5, 'charming_insightful', '356 checked out.'),
	(599, '2024-05-15 10:33:47.839424+00', -1, 'blue_potion', '354 checked out.'),
	(600, '2024-05-15 12:13:49.696741+00', 10, 'green_potion', 'potion delivery'),
	(601, '2024-05-15 12:13:49.696741+00', 9, 'blue_potion', 'potion delivery'),
	(602, '2024-05-15 12:24:48.530952+00', -1, 'green_potion', '357 checked out.'),
	(603, '2024-05-15 12:24:48.525557+00', -3, 'charming_insightful', '358 checked out.'),
	(604, '2024-05-15 14:11:52.97588+00', 4, 'red_potion', 'potion delivery'),
	(605, '2024-05-15 14:20:30.567767+00', -3, 'green_potion', '361 checked out.'),
	(606, '2024-05-15 14:20:30.575299+00', -8, 'blue_potion', '363 checked out.'),
	(607, '2024-05-15 14:20:30.576596+00', -1, 'green_potion', '362 checked out.'),
	(608, '2024-05-15 14:20:30.56799+00', -8, 'red_potion', '360 checked out.'),
	(609, '2024-05-15 14:20:30.598046+00', -1, 'red_potion', '359 checked out.'),
	(610, '2024-05-15 16:26:09.388958+00', 13, 'red_potion', 'potion delivery'),
	(611, '2024-05-15 16:26:09.388958+00', 8, 'green_potion', 'potion delivery'),
	(612, '2024-05-15 16:27:49.385207+00', -1, 'green_potion', '364 checked out.'),
	(613, '2024-05-15 16:27:49.388549+00', -5, 'green_potion', '366 checked out.'),
	(614, '2024-05-15 16:27:49.397449+00', -4, 'fortifying_insightf', '367 checked out.'),
	(615, '2024-05-15 16:27:49.400773+00', -1, 'blue_potion', '365 checked out.'),
	(616, '2024-05-15 18:15:09.483677+00', 11, 'red_potion', 'potion delivery'),
	(617, '2024-05-15 22:24:30.178817+00', -5, 'red_potion', '368 checked out.'),
	(618, '2024-05-16 00:03:10.532664+00', 5, 'red_potion', 'potion delivery'),
	(619, '2024-05-16 00:05:50.58086+00', -6, 'green_potion', '369 checked out.'),
	(620, '2024-05-16 02:13:11.413686+00', 6, 'red_potion', 'potion delivery'),
	(621, '2024-05-16 02:20:32.613503+00', -7, 'green_potion', '370 checked out.'),
	(622, '2024-05-16 04:26:31.31536+00', 4, 'red_potion', 'potion delivery'),
	(623, '2024-05-16 04:26:31.31536+00', 3, 'green_potion', 'potion delivery'),
	(624, '2024-05-16 04:29:32.190255+00', -1, 'green_potion', '372 checked out.'),
	(625, '2024-05-16 04:29:32.201013+00', -2, 'green_potion', '371 checked out.'),
	(626, '2024-05-16 04:29:32.202266+00', -2, 'red_potion', '376 checked out.'),
	(627, '2024-05-16 04:29:32.205197+00', -4, 'red_potion', '374 checked out.'),
	(628, '2024-05-16 04:29:32.203288+00', -2, 'green_potion', '373 checked out.'),
	(629, '2024-05-16 04:29:32.337054+00', -7, 'red_potion', '375 checked out.'),
	(630, '2024-05-16 06:13:51.715465+00', 7, 'red_potion', 'potion delivery'),
	(631, '2024-05-16 06:13:51.715465+00', 10, 'green_potion', 'potion delivery'),
	(632, '2024-05-16 06:13:51.715465+00', 1, 'blue_potion', 'potion delivery'),
	(633, '2024-05-16 06:19:53.772643+00', -1, 'green_potion', '377 checked out.'),
	(634, '2024-05-16 06:20:11.9712+00', -8, 'red_potion', '378 checked out.'),
	(635, '2024-05-16 06:20:11.98464+00', -2, 'green_potion', '379 checked out.'),
	(636, '2024-05-16 08:14:52.667854+00', 10, 'green_potion', 'potion delivery'),
	(637, '2024-05-16 08:14:52.667854+00', 1, 'blue_potion', 'potion delivery'),
	(638, '2024-05-16 08:23:52.494827+00', -1, 'blue_potion', '384 checked out.'),
	(639, '2024-05-16 08:23:52.501618+00', -6, 'green_potion', '383 checked out.'),
	(640, '2024-05-16 08:23:52.514651+00', -1, 'red_potion', '385 checked out.'),
	(641, '2024-05-16 08:23:53.908002+00', -1, 'green_potion', '382 checked out.'),
	(642, '2024-05-16 08:23:53.908796+00', -3, 'green_potion', '381 checked out.'),
	(643, '2024-05-16 08:23:53.920037+00', -8, 'red_potion', '380 checked out.'),
	(644, '2024-05-16 10:26:30.796021+00', 7, 'red_potion', 'potion delivery'),
	(645, '2024-05-16 10:26:30.796021+00', 10, 'green_potion', 'potion delivery'),
	(646, '2024-05-16 10:26:30.796021+00', 3, 'blue_potion', 'potion delivery'),
	(647, '2024-05-16 10:29:12.669688+00', -8, 'red_potion', '390 checked out.'),
	(648, '2024-05-16 10:29:12.67044+00', -1, 'blue_potion', '386 checked out.'),
	(649, '2024-05-16 10:29:12.670007+00', -8, 'green_potion', '387 checked out.'),
	(650, '2024-05-16 10:29:12.798873+00', -8, 'red_potion', '388 checked out.'),
	(651, '2024-05-16 10:29:12.781325+00', -2, 'green_potion', '389 checked out.'),
	(652, '2024-05-16 12:22:36.569181+00', -3, 'blue_potion', '391 checked out.'),
	(653, '2024-05-16 12:22:36.595017+00', -7, 'green_potion', '394 checked out.'),
	(654, '2024-05-16 12:22:36.581171+00', -3, 'red_potion', '392 checked out.'),
	(655, '2024-05-16 12:22:36.71885+00', -3, 'green_potion', '393 checked out.'),
	(656, '2024-05-16 14:29:11.553303+00', -8, 'red_potion', '395 checked out.'),
	(657, '2024-05-17 00:18:13.44947+00', -3, 'charming_jerking_po', '396 checked out.'),
	(658, '2024-05-17 04:33:52.397081+00', -4, 'charming_jerking_po', '397 checked out.'),
	(659, '2024-05-17 06:22:16.689834+00', -1, 'charming_jerking_po', '398 checked out.'),
	(660, '2024-05-18 00:20:57.946983+00', -2, 'red_potion', '399 checked out.');


--
-- Data for Name: wishlist; Type: TABLE DATA; Schema: public; Owner: postgres
--

INSERT INTO "public"."wishlist" ("id", "created_at", "red", "green", "blue", "dark", "quantity", "exclude") VALUES
	(4, '2024-05-11 06:55:39.132887+00', 0, 50, 50, 0, 0, true),
	(5, '2024-05-11 06:56:16.724624+00', 50, 25, 25, 0, 0, true),
	(6, '2024-05-11 06:59:13.075211+00', 100, 0, 0, 0, 15, false),
	(7, '2024-05-11 06:59:25.90181+00', 0, 100, 0, 0, 10, false),
	(8, '2024-05-11 06:59:36.25907+00', 0, 0, 100, 0, 10, false);


--
-- Data for Name: buckets; Type: TABLE DATA; Schema: storage; Owner: supabase_storage_admin
--



--
-- Data for Name: objects; Type: TABLE DATA; Schema: storage; Owner: supabase_storage_admin
--



--
-- Data for Name: s3_multipart_uploads; Type: TABLE DATA; Schema: storage; Owner: supabase_storage_admin
--



--
-- Data for Name: s3_multipart_uploads_parts; Type: TABLE DATA; Schema: storage; Owner: supabase_storage_admin
--



--
-- Data for Name: secrets; Type: TABLE DATA; Schema: vault; Owner: supabase_admin
--



--
-- Name: refresh_tokens_id_seq; Type: SEQUENCE SET; Schema: auth; Owner: supabase_auth_admin
--

SELECT pg_catalog.setval('"auth"."refresh_tokens_id_seq"', 1, false);


--
-- Name: key_key_id_seq; Type: SEQUENCE SET; Schema: pgsodium; Owner: supabase_admin
--

SELECT pg_catalog.setval('"pgsodium"."key_key_id_seq"', 1, false);


--
-- Name: capacity_ledger_id_seq; Type: SEQUENCE SET; Schema: public; Owner: postgres
--

SELECT pg_catalog.setval('"public"."capacity_ledger_id_seq"', 26, true);


--
-- Name: carts_id_seq; Type: SEQUENCE SET; Schema: public; Owner: postgres
--

SELECT pg_catalog.setval('"public"."carts_id_seq"', 399, true);


--
-- Name: inventory_ledger_id_seq; Type: SEQUENCE SET; Schema: public; Owner: postgres
--

SELECT pg_catalog.setval('"public"."inventory_ledger_id_seq"', 1156, true);


--
-- Name: potion_carts_id_seq; Type: SEQUENCE SET; Schema: public; Owner: postgres
--

SELECT pg_catalog.setval('"public"."potion_carts_id_seq"', 382, true);


--
-- Name: potion_ledger_id_seq; Type: SEQUENCE SET; Schema: public; Owner: postgres
--

SELECT pg_catalog.setval('"public"."potion_ledger_id_seq"', 660, true);


--
-- Name: wishlist_id_seq; Type: SEQUENCE SET; Schema: public; Owner: postgres
--

SELECT pg_catalog.setval('"public"."wishlist_id_seq"', 8, true);


--
-- PostgreSQL database dump complete
--

RESET ALL;
